time;I(D5);P(D5);
0;-1.67442e-10;4.08958e-10;
2e-08;-4.4429e-09;1.08513e-08;
4e-08;-8.75398e-09;2.13808e-08;
8e-08;-1.72959e-08;4.22443e-08;
1.6e-07;-3.39007e-08;8.28062e-08;
3.2e-07;-6.53568e-08;1.59683e-07;
6.4e-07;-1.22319e-07;2.99158e-07;
1.28e-06;-2.18199e-07;5.35705e-07;
2.56e-06;-3.61666e-07;9.06981e-07;
4.56e-06;-5.04536e-07;1.32091e-06;
6.56e-06;-5.82432e-07;1.60698e-06;
8.56e-06;-6.18297e-07;1.80432e-06;
1.056e-05;-6.1688e-07;1.90344e-06;
1.256e-05;-5.83684e-07;1.89805e-06;
1.456e-05;-5.34892e-07;1.82394e-06;
1.656e-05;-4.93745e-07;1.75674e-06;
1.856e-05;-4.63611e-07;1.71449e-06;
2.056e-05;-4.43405e-07;1.69955e-06;
2.256e-05;-4.27991e-07;1.69672e-06;
2.456e-05;-4.17052e-07;1.70725e-06;
2.656e-05;-4.07304e-07;1.71937e-06;
2.856e-05;-4.03648e-07;1.75508e-06;
3.056e-05;-7.93149e-07;3.54851e-06;
3.256e-05;-3.7177e-05;0.000170893;
3.456e-05;-0.000653378;0.00305507;
3.656e-05;-0.00130457;0.00612571;
3.856e-05;-0.0017479;0.00822249;
4.056e-05;-0.00233279;0.0109892;
4.256e-05;-0.00281895;0.0133021;
4.456e-05;-0.0033879;0.0160034;
4.656e-05;-0.0038932;0.0184118;
4.856e-05;-0.00445522;0.0210873;
5e-05;-0.00482114;0.0228349;
5.02e-05;-0.00484222;0.0229355;
5.06e-05;-0.00485313;0.0229876;
5.14e-05;-0.00484721;0.0229593;
5.3e-05;-0.00485172;0.0229809;
5.5e-05;-0.00484787;0.0229625;
5.7e-05;-0.00485122;0.0229785;
5.9e-05;-0.0048483;0.0229646;
6.1e-05;-0.00485084;0.0229767;
6.3e-05;-0.00484863;0.0229661;
6.5e-05;-0.00485056;0.0229753;
6.7e-05;-0.00484888;0.0229673;
6.9e-05;-0.00485034;0.0229743;
7.1e-05;-0.00484907;0.0229682;
7.3e-05;-0.00485017;0.0229735;
7.5e-05;-0.00484921;0.0229689;
7.7e-05;-0.00485005;0.0229729;
7.9e-05;-0.00484932;0.0229694;
8.1e-05;-0.00484995;0.0229724;
8.3e-05;-0.0048494;0.0229698;
8.5e-05;-0.00484988;0.0229721;
8.7e-05;-0.00484947;0.0229701;
8.9e-05;-0.00484983;0.0229718;
9.1e-05;-0.00484951;0.0229703;
9.3e-05;-0.00484979;0.0229716;
9.5e-05;-0.00484955;0.0229705;
9.7e-05;-0.00484976;0.0229715;
9.9e-05;-0.00484957;0.0229706;
0.000101;-0.00484973;0.0229714;
0.000103;-0.0048496;0.0229707;
0.000105;-0.00484972;0.0229713;
0.000107;-0.00484961;0.0229708;
0.000109;-0.0048497;0.0229712;
0.000111;-0.00484962;0.0229709;
0.000113;-0.00484969;0.0229712;
0.000115;-0.00484963;0.0229709;
0.000117;-0.00484968;0.0229712;
0.000119;-0.00484964;0.0229709;
0.000121;-0.00484968;0.0229711;
0.000123;-0.00484964;0.022971;
0.000125;-0.00484967;0.0229711;
0.0001252;-0.00484966;0.0229711;
0.0001256;-0.00484964;0.0229709;
0.0001264;-0.00484956;0.0229706;
0.000127;-0.00484948;0.0229702;
0.00012716;-0.00484951;0.0229703;
0.00012748;-0.00484955;0.0229705;
0.00012812;-0.00482649;0.0228605;
0.000128864;-0.00473074;0.0224037;
0.000129281;2.23768e-05;-0.000101704;
0.000129687;-0.00447311;0.0211736;
0.000130069;-0.00809202;0.0384824;
0.000130471;-0.00241598;0.0113888;
0.000130895;-0.00757873;0.0360203;
0.000131325;-0.00333439;0.0157532;
0.000131778;-0.00559212;0.0265144;
0.000132293;-0.00432035;0.0204483;
0.000132958;-0.0051561;0.024432;
0.000133922;-0.00452849;0.0214407;
0.000135344;-0.00505458;0.0239473;
0.000137301;-0.0045851;0.0217107;
0.000139301;-0.00501484;0.0237577;
0.000141301;-0.00461916;0.0218731;
0.000143301;-0.00498521;0.0236162;
0.000145301;-0.0046449;0.0219959;
0.000147301;-0.00496283;0.0235094;
0.000149301;-0.00466435;0.0220886;
0.000151301;-0.00494591;0.0234287;
0.000153301;-0.00467905;0.0221588;
0.000155301;-0.00493312;0.0233676;
0.000157301;-0.00469017;0.0222118;
0.000159301;-0.00492345;0.0233215;
0.000161301;-0.00469858;0.0222519;
0.000163301;-0.00491614;0.0232866;
0.000165301;-0.00470494;0.0222823;
0.000167301;-0.00491061;0.0232602;
0.000169301;-0.00470975;0.0223052;
0.000171301;-0.00490643;0.0232402;
0.000173301;-0.00471339;0.0223226;
0.000175301;-0.00490327;0.0232251;
0.000177301;-0.00471614;0.0223358;
0.000179301;-0.00490088;0.0232137;
0.000181301;-0.00471823;0.0223457;
0.000183301;-0.00489907;0.0232051;
0.000185301;-0.00471981;0.0223532;
0.000187301;-0.0048977;0.0231985;
0.000189301;-0.00472101;0.022359;
0.000191301;-0.00489666;0.0231936;
0.000193301;-0.00472192;0.0223633;
0.000195301;-0.00489587;0.0231898;
0.000197301;-0.00472261;0.0223666;
0.000199301;-0.00489527;0.023187;
0.000201301;-0.00472313;0.0223691;
0.000203301;-0.00489482;0.0231848;
0.000205301;-0.00472354;0.022371;
0.000207301;-0.00489447;0.0231832;
0.000209301;-0.00472384;0.0223725;
0.000211301;-0.00489421;0.0231819;
0.000213301;-0.00472408;0.0223736;
0.000215301;-0.00489401;0.0231809;
0.000217301;-0.00472426;0.0223745;
0.000219301;-0.00489386;0.0231802;
0.000221301;-0.0047244;0.0223752;
0.000223301;-0.00489374;0.0231796;
0.000225301;-0.00472451;0.0223757;
0.000227301;-0.00489365;0.0231792;
0.000229301;-0.00472459;0.0223761;
0.000231301;-0.00489357;0.0231788;
0.000233301;-0.00472466;0.0223764;
0.000235301;-0.00489352;0.0231786;
0.000237301;-0.00472472;0.0223767;
0.000239301;-0.00489347;0.0231784;
0.000241301;-0.00472476;0.0223769;
0.000243301;-0.00489344;0.0231782;
0.000245301;-0.0047248;0.0223771;
0.000247301;-0.00489341;0.023178;
0.000249301;-0.00472483;0.0223773;
0.000251301;-0.00489338;0.0231779;
0.000253301;-0.00472486;0.0223774;
0.000255301;-0.00489336;0.0231778;
0.000257301;-0.00472489;0.0223775;
0.000259301;-0.00489334;0.0231777;
0.000261301;-0.00472491;0.0223776;
0.000263301;-0.00489333;0.0231776;
0.000265301;-0.00472493;0.0223777;
0.000267301;-0.00489331;0.0231776;
0.000269301;-0.00472495;0.0223778;
0.000271301;-0.0048933;0.0231775;
0.000273301;-0.00472497;0.0223779;
0.000275301;-0.00489329;0.0231774;
0.000277301;-0.00472498;0.022378;
0.000279301;-0.00489327;0.0231774;
0.000281301;-0.004725;0.0223781;
0.000283301;-0.00489326;0.0231773;
0.000285301;-0.00472502;0.0223781;
0.000287301;-0.00489325;0.0231773;
0.000289301;-0.00472503;0.0223782;
0.000291301;-0.00489324;0.0231772;
0.000293301;-0.00472505;0.0223783;
0.000295301;-0.00489323;0.0231772;
0.000297301;-0.00472506;0.0223784;
0.000299301;-0.00489322;0.0231771;
0.000301301;-0.00472508;0.0223784;
0.000303301;-0.00489321;0.0231771;
0.000305301;-0.00472509;0.0223785;
0.000307301;-0.0048932;0.023177;
0.000309301;-0.00472511;0.0223786;
0.000311301;-0.00489319;0.023177;
0.000313301;-0.00472512;0.0223787;
0.000315301;-0.00489318;0.0231769;
0.000317301;-0.00472514;0.0223787;
0.000319301;-0.00489317;0.0231769;
0.000321301;-0.00472515;0.0223788;
0.000323301;-0.00489316;0.0231768;
0.000325301;-0.00472517;0.0223789;
0.000327301;-0.00489315;0.0231768;
0.000329301;-0.00472518;0.0223789;
0.000331301;-0.00489314;0.0231767;
0.000333301;-0.0047252;0.022379;
0.000335301;-0.00489313;0.0231767;
0.000337301;-0.00472521;0.0223791;
0.000339301;-0.00489312;0.0231766;
0.000341301;-0.00472523;0.0223792;
0.000343301;-0.00489311;0.0231766;
0.000345301;-0.00472524;0.0223792;
0.000347301;-0.0048931;0.0231765;
0.000349301;-0.00472526;0.0223793;
0.000351301;-0.00489309;0.0231765;
0.000353301;-0.00472527;0.0223794;
0.000355301;-0.00489308;0.0231764;
0.000357301;-0.00472528;0.0223795;
0.000359301;-0.00489307;0.0231764;
0.000361301;-0.0047253;0.0223795;
0.000363301;-0.00489306;0.0231763;
0.000365301;-0.00472531;0.0223796;
0.000367301;-0.00489305;0.0231763;
0.000369301;-0.00472532;0.0223797;
0.000371301;-0.00489304;0.0231762;
0.000373301;-0.00472534;0.0223797;
0.000375301;-0.00489303;0.0231762;
0.000377301;-0.00472535;0.0223798;
0.000379301;-0.00489302;0.0231761;
0.000381301;-0.00472537;0.0223799;
0.000383301;-0.00489302;0.0231761;
0.000385301;-0.00472538;0.0223799;
0.000387301;-0.00489301;0.0231761;
0.000389301;-0.00472539;0.02238;
0.000391301;-0.004893;0.023176;
0.000393301;-0.00472541;0.0223801;
0.000395301;-0.00489299;0.023176;
0.000397301;-0.00472542;0.0223801;
0.000399301;-0.00489298;0.0231759;
0.000401301;-0.00472543;0.0223802;
0.000403301;-0.00489297;0.0231759;
0.000405301;-0.00472545;0.0223803;
0.000407301;-0.00489296;0.0231758;
0.000409301;-0.00472546;0.0223803;
0.000411301;-0.00489295;0.0231758;
0.000413301;-0.00472547;0.0223804;
0.000415301;-0.00489294;0.0231757;
0.000417301;-0.00472549;0.0223805;
0.000419301;-0.00489293;0.0231757;
0.000421301;-0.0047255;0.0223805;
0.000423301;-0.00489292;0.0231756;
0.000425301;-0.00472552;0.0223806;
0.000427301;-0.00489291;0.0231756;
0.000429301;-0.00472553;0.0223807;
0.000431301;-0.0048929;0.0231755;
0.000433301;-0.00472554;0.0223807;
0.000435301;-0.00489289;0.0231755;
0.000437301;-0.00472556;0.0223808;
0.000439301;-0.00489288;0.0231754;
0.000441301;-0.00472557;0.0223809;
0.000443301;-0.00489287;0.0231754;
0.000445301;-0.00472558;0.0223809;
0.000447301;-0.00489286;0.0231753;
0.000449301;-0.0047256;0.022381;
0.000451301;-0.00489285;0.0231753;
0.000453301;-0.00472561;0.0223811;
0.000455301;-0.00489285;0.0231752;
0.000457301;-0.00472562;0.0223811;
0.000459301;-0.00489284;0.0231752;
0.000461301;-0.00472564;0.0223812;
0.000463301;-0.00489283;0.0231752;
0.000465301;-0.00472565;0.0223813;
0.000467301;-0.00489282;0.0231751;
0.000469301;-0.00472566;0.0223813;
0.000471301;-0.00489281;0.0231751;
0.000473301;-0.00472568;0.0223814;
0.000475301;-0.0048928;0.023175;
0.000477301;-0.00472569;0.0223814;
0.000479301;-0.00489279;0.023175;
0.000481301;-0.0047257;0.0223815;
0.000483301;-0.00489278;0.0231749;
0.000485301;-0.00472571;0.0223816;
0.000487301;-0.00489277;0.0231749;
0.000489301;-0.00472573;0.0223816;
0.000491301;-0.00489276;0.0231748;
0.000493301;-0.00472574;0.0223817;
0.000495301;-0.00489275;0.0231748;
0.000497301;-0.00472575;0.0223818;
0.000499301;-0.00489274;0.0231748;
0.0005;-0.00472579;0.0223819;
0.0005002;-0.00477331;0.0226068;
0.000500366;-0.00473102;0.0224051;
0.000500515;-0.00469114;0.0222148;
0.000500672;-0.00464925;0.022015;
0.000500985;-0.00456587;0.0216173;
0.000501612;-0.0043988;0.0208206;
0.000502864;-0.00406572;0.0192326;
0.000504864;-0.00353576;0.0167078;
0.000506864;-0.00300967;0.0142083;
0.000508864;-0.00248787;0.0117301;
0.000510864;-0.00197361;0.00929149;
0.000512864;-0.00147017;0.00690849;
0.000514864;-0.000987201;0.00462756;
0.000516864;-0.000544624;0.0025438;
0.000518864;-0.000197018;0.000914692;
0.000520864;-2.95888e-05;0.000135869;
0.000522864;-1.27203e-06;5.73562e-06;
0.000524864;4.6287e-07;-2.03795e-06;
0.000526864;2.50072e-07;-1.0717e-06;
0.000528864;5.31494e-07;-2.21287e-06;
0.000530864;2.74529e-07;-1.10888e-06;
0.000532864;5.50514e-07;-2.15451e-06;
0.000534864;2.92644e-07;-1.10825e-06;
0.000536864;5.69768e-07;-2.08497e-06;
0.000538864;3.14497e-07;-1.11027e-06;
0.000540864;5.95714e-07;-2.02512e-06;
0.000542864;3.4674e-07;-1.13251e-06;
0.000544864;6.37515e-07;-1.99496e-06;
0.000546864;4.02661e-07;-1.20282e-06;
0.000548864;7.11603e-07;-2.01946e-06;
0.00055;4.72725e-07;-1.29966e-06;
0.0005502;5.72056e-07;-1.56419e-06;
0.0005506;5.11887e-07;-1.3852e-06;
0.0005514;4.13432e-07;-1.09892e-06;
0.000553;2.80001e-07;-7.24287e-07;
0.000555;1.72646e-07;-4.36635e-07;
0.000557;1.0861e-07;-2.70818e-07;
0.000559;6.62281e-08;-1.63679e-07;
0.000561;4.24142e-08;-1.04244e-07;
0.000563;2.50241e-08;-6.12912e-08;
0.000565;1.67723e-08;-4.09483e-08;
0.000567;9.07791e-09;-2.21316e-08;
0.000569;6.86505e-09;-1.67373e-08;
0.000571;2.91798e-09;-7.1074e-09;
0.000573;3.03554e-09;-7.39663e-09;
0.000575;5.37742e-10;-1.30881e-09;
0.000577;1.55611e-09;-3.79077e-09;
0.000579;-3.81625e-10;9.29878e-10;
0.000581;9.8469e-10;-2.39842e-09;
0.000583;-7.36663e-10;1.79425e-09;
0.000585;7.63988e-10;-1.86071e-09;
0.000587;-8.73745e-10;2.12797e-09;
0.000589;6.78732e-10;-1.653e-09;
0.000591;-9.26657e-10;2.25678e-09;
0.000593;6.45782e-10;-1.57273e-09;
0.000595;-9.47064e-10;2.30645e-09;
0.000597;6.33032e-10;-1.54167e-09;
0.000599;-9.54918e-10;2.32557e-09;
0.000601;6.28082e-10;-1.52961e-09;
0.000603;-9.57925e-10;2.33289e-09;
0.000605;6.26144e-10;-1.52489e-09;
0.000607;-9.5906e-10;2.33566e-09;
0.000609;6.2537e-10;-1.523e-09;
0.000611;-9.59472e-10;2.33666e-09;
0.000613;6.25044e-10;-1.52221e-09;
0.000615;-9.59605e-10;2.33698e-09;
0.000617;6.24893e-10;-1.52184e-09;
0.000619;-9.5963e-10;2.33704e-09;
0.000621;6.24808e-10;-1.52163e-09;
0.000623;-9.59614e-10;2.337e-09;
0.000625;6.24749e-10;-1.52149e-09;
0.0006252;-1.9605e-10;4.77454e-10;
0.0006256;-2.24496e-10;5.46729e-10;
0.0006264;-4.33263e-10;1.05516e-09;
0.000627;-3.42534e-09;8.34245e-09;
0.00062716;-3.66053e-09;8.91551e-09;
0.00062748;-3.60749e-09;8.78682e-09;
0.00062812;-3.61402e-09;8.80372e-09;
0.0006294;-3.64438e-09;8.87972e-09;
0.0006314;-4.04387e-09;9.85679e-09;
0.0006334;-4.16752e-09;1.01623e-08;
0.0006354;-4.34514e-09;1.05998e-08;
0.0006374;-4.28837e-09;1.04658e-08;
0.0006394;-2.04653e-09;4.99612e-09;
0.0006414;-1.65908e-09;4.05094e-09;
0.0006434;-8.25031e-10;2.01469e-09;
0.0006454;-8.23046e-10;2.00997e-09;
0.0006474;-3.43267e-10;8.38334e-10;
0.0006494;-4.94433e-10;1.20754e-09;
0.0006514;-1.65711e-10;4.04718e-10;
0.0006534;-3.59134e-10;8.7713e-10;
0.0006554;-1.05256e-10;2.57074e-10;
0.0006574;-2.99243e-10;7.30863e-10;
0.0006594;-8.92151e-11;2.17897e-10;
0.0006614;-2.6917e-10;6.57415e-10;
0.0006634;-8.95461e-11;2.18706e-10;
0.0006654;-2.51448e-10;6.14133e-10;
0.0006674;-9.5464e-11;2.3316e-10;
0.0006694;-2.39128e-10;5.84042e-10;
0.0006714;-1.02925e-10;2.51383e-10;
0.0006734;-2.29477e-10;5.60472e-10;
0.0006754;-1.10436e-10;2.69728e-10;
0.0006774;-2.21374e-10;5.40681e-10;
0.0006794;-1.17462e-10;2.86888e-10;
0.0006814;-2.14343e-10;5.23509e-10;
0.0006834;-1.23863e-10;3.02522e-10;
0.0006854;-2.08142e-10;5.08364e-10;
0.0006874;-1.29629e-10;3.16603e-10;
0.0006894;-2.02634e-10;4.94912e-10;
0.0006914;-1.34797e-10;3.29226e-10;
0.0006934;-1.97727e-10;4.82925e-10;
0.0006954;-1.3942e-10;3.40518e-10;
0.0006974;-1.93348e-10;4.72229e-10;
0.0006994;-1.43553e-10;3.50611e-10;
0.0007014;-1.89438e-10;4.62681e-10;
0.0007034;-1.47245e-10;3.59629e-10;
0.0007054;-1.85946e-10;4.54153e-10;
0.0007074;-1.50544e-10;3.67686e-10;
0.0007094;-1.82828e-10;4.46537e-10;
0.0007114;-1.5349e-10;3.74882e-10;
0.0007134;-1.80043e-10;4.39734e-10;
0.0007154;-1.56122e-10;3.8131e-10;
0.0007174;-1.77555e-10;4.33658e-10;
0.0007194;-1.58473e-10;3.87052e-10;
0.0007214;-1.75333e-10;4.28231e-10;
0.0007234;-1.60573e-10;3.9218e-10;
0.0007254;-1.73348e-10;4.23383e-10;
0.0007274;-1.62448e-10;3.96761e-10;
0.0007294;-1.71575e-10;4.19053e-10;
0.0007314;-1.64124e-10;4.00853e-10;
0.0007334;-1.69992e-10;4.15186e-10;
0.0007354;-1.6562e-10;4.04508e-10;
0.0007374;-1.68578e-10;4.11732e-10;
0.0007394;-1.66956e-10;4.07772e-10;
0.0007414;-1.67315e-10;4.08647e-10;
0.0007434;-1.6815e-10;4.10687e-10;
0.0007454;-1.66186e-10;4.05891e-10;
0.0007474;-1.69216e-10;4.13291e-10;
0.0007494;-1.65179e-10;4.03431e-10;
0.0007514;-1.70168e-10;4.15616e-10;
0.0007534;-1.64279e-10;4.01233e-10;
0.0007554;-1.71018e-10;4.17693e-10;
0.0007574;-1.63475e-10;3.9927e-10;
0.0007594;-1.71778e-10;4.19548e-10;
0.0007614;-1.62758e-10;3.97517e-10;
0.0007634;-1.72456e-10;4.21204e-10;
0.0007654;-1.62117e-10;3.95952e-10;
0.0007674;-1.73061e-10;4.22683e-10;
0.0007694;-1.61545e-10;3.94555e-10;
0.0007714;-1.73602e-10;4.24004e-10;
0.0007734;-1.61037e-10;3.93315e-10;
0.0007754;-1.74083e-10;4.25177e-10;
0.0007774;-1.6058e-10;3.92199e-10;
0.0007794;-1.74513e-10;4.26229e-10;
0.0007814;-1.60173e-10;3.91203e-10;
0.0007834;-1.74898e-10;4.2717e-10;
0.0007854;-1.59809e-10;3.90315e-10;
0.0007874;-1.75242e-10;4.28009e-10;
0.0007894;-1.59484e-10;3.89521e-10;
0.0007914;-1.75549e-10;4.28759e-10;
0.0007934;-1.59194e-10;3.88813e-10;
0.0007954;-1.75823e-10;4.29428e-10;
0.0007974;-1.58935e-10;3.88181e-10;
0.0007994;-1.76067e-10;4.30025e-10;
0.0008014;-1.58704e-10;3.87617e-10;
0.0008034;-1.76286e-10;4.30558e-10;
0.0008054;-1.58498e-10;3.87114e-10;
0.0008074;-1.7648e-10;4.31033e-10;
0.0008094;-1.58314e-10;3.86665e-10;
0.0008114;-1.76654e-10;4.31457e-10;
0.0008134;-1.5815e-10;3.86264e-10;
0.0008154;-1.76809e-10;4.31836e-10;
0.0008174;-1.58004e-10;3.85907e-10;
0.0008194;-1.76947e-10;4.32173e-10;
0.0008214;-1.57874e-10;3.85589e-10;
0.0008234;-1.7707e-10;4.32474e-10;
0.0008254;-1.57757e-10;3.85305e-10;
0.0008274;-1.7718e-10;4.32742e-10;
0.0008294;-1.57654e-10;3.85051e-10;
0.0008314;-1.77278e-10;4.32981e-10;
0.0008334;-1.57561e-10;3.84826e-10;
0.0008354;-1.77365e-10;4.33194e-10;
0.0008374;-1.57479e-10;3.84625e-10;
0.0008394;-1.77443e-10;4.33384e-10;
0.0008414;-1.57406e-10;3.84446e-10;
0.0008434;-1.77512e-10;4.33553e-10;
0.0008454;-1.57341e-10;3.84287e-10;
0.0008474;-1.77573e-10;4.33703e-10;
0.0008494;-1.57283e-10;3.84145e-10;
0.0008514;-1.77628e-10;4.33836e-10;
0.0008534;-1.57231e-10;3.84019e-10;
0.0008554;-1.77677e-10;4.33955e-10;
0.0008574;-1.57185e-10;3.83907e-10;
0.0008594;-1.7772e-10;4.34061e-10;
0.0008614;-1.57144e-10;3.83807e-10;
0.0008634;-1.77758e-10;4.34155e-10;
0.0008654;-1.57108e-10;3.83719e-10;
0.0008674;-1.77792e-10;4.34238e-10;
0.0008694;-1.57076e-10;3.83641e-10;
0.0008714;-1.77823e-10;4.34312e-10;
0.0008734;-1.57048e-10;3.83571e-10;
0.0008754;-1.77849e-10;4.34377e-10;
0.0008774;-1.57023e-10;3.8351e-10;
0.0008794;-1.77873e-10;4.34435e-10;
0.0008814;-1.57e-10;3.83455e-10;
0.0008834;-1.77894e-10;4.34486e-10;
0.0008854;-1.56981e-10;3.83408e-10;
0.0008874;-1.77912e-10;4.34531e-10;
0.0008894;-1.56963e-10;3.83365e-10;
0.0008914;-1.77929e-10;4.34571e-10;
0.0008934;-1.56948e-10;3.83328e-10;
0.0008954;-1.77943e-10;4.34606e-10;
0.0008974;-1.56935e-10;3.83295e-10;
0.0008994;-1.77955e-10;4.34636e-10;
0.0009014;-1.56923e-10;3.83267e-10;
0.0009034;-1.77966e-10;4.34663e-10;
0.0009054;-1.56913e-10;3.83242e-10;
0.0009074;-1.77976e-10;4.34686e-10;
0.0009094;-1.56904e-10;3.8322e-10;
0.0009114;-1.77984e-10;4.34707e-10;
0.0009134;-1.56896e-10;3.83201e-10;
0.0009154;-1.77992e-10;4.34724e-10;
0.0009174;-1.56889e-10;3.83185e-10;
0.0009194;-1.77998e-10;4.34739e-10;
0.0009214;-1.56884e-10;3.83171e-10;
0.0009234;-1.78003e-10;4.34752e-10;
0.0009254;-1.56879e-10;3.83159e-10;
0.0009274;-1.78008e-10;4.34763e-10;
0.0009294;-1.56875e-10;3.83148e-10;
0.0009314;-1.78011e-10;4.34773e-10;
0.0009334;-1.56871e-10;3.8314e-10;
0.0009354;-1.78015e-10;4.3478e-10;
0.0009374;-1.56868e-10;3.83133e-10;
0.0009394;-1.78017e-10;4.34787e-10;
0.0009414;-1.56866e-10;3.83127e-10;
0.0009434;-1.78019e-10;4.34792e-10;
0.0009454;-1.56864e-10;3.83123e-10;
0.0009474;-1.78021e-10;4.34796e-10;
0.0009494;-1.56863e-10;3.83119e-10;
0.0009514;-1.78022e-10;4.34799e-10;
0.0009534;-1.56861e-10;3.83116e-10;
0.0009554;-1.78023e-10;4.34801e-10;
0.0009574;-1.56861e-10;3.83115e-10;
0.0009594;-1.78024e-10;4.34803e-10;
0.0009614;-1.5686e-10;3.83114e-10;
0.0009634;-1.78024e-10;4.34803e-10;
0.0009654;-1.5686e-10;3.83113e-10;
0.0009674;-1.78024e-10;4.34803e-10;
0.0009694;-1.5686e-10;3.83113e-10;
0.0009714;-1.78024e-10;4.34803e-10;
0.0009734;-1.56861e-10;3.83114e-10;
0.0009754;-1.78023e-10;4.34802e-10;
0.0009774;-1.56861e-10;3.83115e-10;
0.0009794;-1.78023e-10;4.348e-10;
0.0009814;-1.56862e-10;3.83117e-10;
0.0009834;-1.78022e-10;4.34799e-10;
0.0009854;-1.56863e-10;3.83119e-10;
0.0009874;-1.78021e-10;4.34796e-10;
0.0009894;-1.56864e-10;3.83121e-10;
0.0009914;-1.7802e-10;4.34794e-10;
0.0009934;-1.56865e-10;3.83124e-10;
0.0009954;-1.78019e-10;4.34791e-10;
0.0009974;-1.56866e-10;3.83127e-10;
0.0009994;-1.78018e-10;4.34788e-10;
0.001;-1.56869e-10;3.83134e-10;
0.0010002;-4.03632e-08;9.86231e-08;
0.0010006;-1.14584e-07;2.80129e-07;
0.0010014;-2.33667e-07;5.75918e-07;
0.001003;-4.00549e-07;1.01284e-06;
0.001005;-5.25839e-07;1.39192e-06;
0.001007;-5.93692e-07;1.65814e-06;
0.001009;-6.20861e-07;1.83444e-06;
0.001011;-6.12173e-07;1.91156e-06;
0.001013;-5.73124e-07;1.88414e-06;
0.001015;-5.2497e-07;1.80764e-06;
0.001017;-4.85996e-07;1.74444e-06;
0.001019;-4.58681e-07;1.71004e-06;
0.001021;-4.39451e-07;1.69721e-06;
0.001023;-4.25507e-07;1.69904e-06;
0.001025;-4.1459e-07;1.70886e-06;
0.001027;-4.05746e-07;1.72414e-06;
0.001029;-4.08699e-07;1.78839e-06;
0.001031;-1.49732e-06;6.74022e-06;
0.001033;-8.88028e-05;0.000410326;
0.001035;-0.000864963;0.00405127;
0.001037;-0.00136315;0.00640256;
0.001039;-0.00190305;0.00895717;
0.001041;-0.0024192;0.0114042;
0.001043;-0.00296014;0.0139729;
0.001045;-0.0034855;0.0164711;
0.001047;-0.00402808;0.0190542;
0.001049;-0.00455886;0.021584;
0.00105;-0.00483305;0.0228912;
0.0010502;-0.00484514;0.0229495;
0.0010506;-0.00485171;0.0229808;
0.0010514;-0.00484821;0.0229641;
0.001053;-0.00485088;0.0229768;
0.001055;-0.0048486;0.022966;
0.001057;-0.00485058;0.0229754;
0.001059;-0.00484886;0.0229672;
0.001061;-0.00485036;0.0229744;
0.001063;-0.00484905;0.0229681;
0.001065;-0.00485019;0.0229736;
0.001067;-0.0048492;0.0229688;
0.001069;-0.00485006;0.0229729;
0.001071;-0.00484931;0.0229694;
0.001073;-0.00484996;0.0229725;
0.001075;-0.0048494;0.0229698;
0.001077;-0.00484989;0.0229721;
0.001079;-0.00484946;0.0229701;
0.001081;-0.00484983;0.0229719;
0.001083;-0.00484951;0.0229703;
0.001085;-0.00484979;0.0229717;
0.001087;-0.00484955;0.0229705;
0.001089;-0.00484976;0.0229715;
0.001091;-0.00484957;0.0229706;
0.001093;-0.00484973;0.0229714;
0.001095;-0.00484959;0.0229707;
0.001097;-0.00484972;0.0229713;
0.001099;-0.00484961;0.0229708;
0.001101;-0.0048497;0.0229712;
0.001103;-0.00484962;0.0229709;
0.001105;-0.00484969;0.0229712;
0.001107;-0.00484963;0.0229709;
0.001109;-0.00484968;0.0229712;
0.001111;-0.00484964;0.0229709;
0.001113;-0.00484968;0.0229711;
0.001115;-0.00484964;0.022971;
0.001117;-0.00484967;0.0229711;
0.001119;-0.00484965;0.022971;
0.001121;-0.00484967;0.0229711;
0.001123;-0.00484965;0.022971;
0.001125;-0.00484967;0.0229711;
0.0011252;-0.00484966;0.022971;
0.0011256;-0.00484964;0.0229709;
0.0011264;-0.00484956;0.0229706;
0.001127;-0.00484948;0.0229702;
0.00112716;-0.00484951;0.0229703;
0.00112748;-0.00484951;0.0229703;
0.00112791;-0.00477932;0.0226355;
0.00112829;-0.00471125;0.0223108;
0.00112851;-0.00482043;0.0228316;
0.00112872;-0.00481468;0.0228042;
0.00112897;-0.00480776;0.0227711;
0.0011292;-0.00481044;0.022784;
0.00112957;-0.00480947;0.0227793;
0.00113033;-0.00481002;0.0227819;
0.00113183;-0.00480964;0.0227801;
0.00113383;-0.00480993;0.0227815;
0.00113583;-0.00480971;0.0227804;
0.00113783;-0.00480987;0.0227812;
0.00113983;-0.00480977;0.0227807;
0.00114183;-0.00480981;0.022781;
0.00114383;-0.00480982;0.022781;
0.00114583;-0.00480976;0.0227807;
0.00114783;-0.00480987;0.0227812;
0.00114983;-0.00480972;0.0227805;
0.00115183;-0.00480991;0.0227814;
0.00115383;-0.00480968;0.0227803;
0.00115583;-0.00480995;0.0227816;
0.00115783;-0.00480964;0.0227801;
0.00115983;-0.00480999;0.0227817;
0.00116183;-0.00480961;0.02278;
0.00116383;-0.00481002;0.0227819;
0.00116583;-0.00480958;0.0227798;
0.00116783;-0.00481004;0.022782;
0.00116983;-0.00480955;0.0227797;
0.00117183;-0.00481007;0.0227821;
0.00117383;-0.00480953;0.0227796;
0.00117583;-0.00481009;0.0227822;
0.00117783;-0.00480951;0.0227795;
0.00117983;-0.00481011;0.0227823;
0.00118183;-0.00480949;0.0227794;
0.00118383;-0.00481013;0.0227824;
0.00118583;-0.00480947;0.0227793;
0.00118783;-0.00481015;0.0227825;
0.00118983;-0.00480945;0.0227792;
0.00119183;-0.00481017;0.0227826;
0.00119383;-0.00480944;0.0227792;
0.00119583;-0.00481018;0.0227827;
0.00119783;-0.00480942;0.0227791;
0.00119983;-0.00481019;0.0227827;
0.00120183;-0.00480941;0.022779;
0.00120383;-0.00481021;0.0227828;
0.00120583;-0.0048094;0.022779;
0.00120783;-0.00481022;0.0227828;
0.00120983;-0.00480939;0.0227789;
0.00121183;-0.00481023;0.0227829;
0.00121383;-0.00480938;0.0227789;
0.00121583;-0.00481024;0.0227829;
0.00121783;-0.00480937;0.0227788;
0.00121983;-0.00481025;0.022783;
0.00122183;-0.00480936;0.0227788;
0.00122383;-0.00481025;0.022783;
0.00122583;-0.00480935;0.0227788;
0.00122783;-0.00481026;0.022783;
0.00122983;-0.00480935;0.0227787;
0.00123183;-0.00481027;0.0227831;
0.00123383;-0.00480934;0.0227787;
0.00123583;-0.00481027;0.0227831;
0.00123783;-0.00480934;0.0227787;
0.00123983;-0.00481028;0.0227831;
0.00124183;-0.00480933;0.0227787;
0.00124383;-0.00481028;0.0227831;
0.00124583;-0.00480933;0.0227786;
0.00124783;-0.00481029;0.0227832;
0.00124983;-0.00480932;0.0227786;
0.00125183;-0.00481029;0.0227832;
0.00125383;-0.00480932;0.0227786;
0.00125583;-0.0048103;0.0227832;
0.00125783;-0.00480931;0.0227786;
0.00125983;-0.0048103;0.0227832;
0.00126183;-0.00480931;0.0227786;
0.00126383;-0.0048103;0.0227832;
0.00126583;-0.00480931;0.0227785;
0.00126783;-0.0048103;0.0227832;
0.00126983;-0.00480931;0.0227785;
0.00127183;-0.00481031;0.0227833;
0.00127383;-0.0048093;0.0227785;
0.00127583;-0.00481031;0.0227833;
0.00127783;-0.0048093;0.0227785;
0.00127983;-0.00481031;0.0227833;
0.00128183;-0.0048093;0.0227785;
0.00128383;-0.00481031;0.0227833;
0.00128583;-0.0048093;0.0227785;
0.00128783;-0.00481031;0.0227833;
0.00128983;-0.0048093;0.0227785;
0.00129183;-0.00481031;0.0227833;
0.00129383;-0.0048093;0.0227785;
0.00129583;-0.00481032;0.0227833;
0.00129783;-0.00480929;0.0227785;
0.00129983;-0.00481032;0.0227833;
0.00130183;-0.00480929;0.0227785;
0.00130383;-0.00481032;0.0227833;
0.00130583;-0.00480929;0.0227785;
0.00130783;-0.00481032;0.0227833;
0.00130983;-0.00480929;0.0227785;
0.00131183;-0.00481032;0.0227833;
0.00131383;-0.00480929;0.0227785;
0.00131583;-0.00481032;0.0227833;
0.00131783;-0.00480929;0.0227785;
0.00131983;-0.00481032;0.0227833;
0.00132183;-0.00480929;0.0227785;
0.00132383;-0.00481032;0.0227833;
0.00132583;-0.00480929;0.0227785;
0.00132783;-0.00481032;0.0227833;
0.00132983;-0.00480929;0.0227785;
0.00133183;-0.00481032;0.0227833;
0.00133383;-0.00480929;0.0227785;
0.00133583;-0.00481032;0.0227833;
0.00133783;-0.00480929;0.0227785;
0.00133983;-0.00481032;0.0227833;
0.00134183;-0.00480929;0.0227785;
0.00134383;-0.00481032;0.0227833;
0.00134583;-0.00480929;0.0227785;
0.00134783;-0.00481032;0.0227833;
0.00134983;-0.00480929;0.0227785;
0.00135183;-0.00481032;0.0227833;
0.00135383;-0.00480929;0.0227785;
0.00135583;-0.00481032;0.0227833;
0.00135783;-0.00480929;0.0227785;
0.00135983;-0.00481032;0.0227833;
0.00136183;-0.00480929;0.0227785;
0.00136383;-0.00481032;0.0227833;
0.00136583;-0.00480929;0.0227785;
0.00136783;-0.00481032;0.0227833;
0.00136983;-0.00480929;0.0227785;
0.00137183;-0.00481032;0.0227833;
0.00137383;-0.00480929;0.0227785;
0.00137583;-0.00481032;0.0227833;
0.00137783;-0.00480929;0.0227785;
0.00137983;-0.00481032;0.0227833;
0.00138183;-0.00480929;0.0227785;
0.00138383;-0.00481032;0.0227833;
0.00138583;-0.00480929;0.0227785;
0.00138783;-0.00481032;0.0227833;
0.00138983;-0.00480929;0.0227785;
0.00139183;-0.00481032;0.0227833;
0.00139383;-0.00480929;0.0227785;
0.00139583;-0.00481032;0.0227833;
0.00139783;-0.0048093;0.0227785;
0.00139983;-0.00481032;0.0227833;
0.00140183;-0.0048093;0.0227785;
0.00140383;-0.00481032;0.0227833;
0.00140583;-0.0048093;0.0227785;
0.00140783;-0.00481031;0.0227833;
0.00140983;-0.0048093;0.0227785;
0.00141183;-0.00481031;0.0227833;
0.00141383;-0.0048093;0.0227785;
0.00141583;-0.00481031;0.0227833;
0.00141783;-0.0048093;0.0227785;
0.00141983;-0.00481031;0.0227833;
0.00142183;-0.0048093;0.0227785;
0.00142383;-0.00481031;0.0227833;
0.00142583;-0.0048093;0.0227785;
0.00142783;-0.00481031;0.0227833;
0.00142983;-0.0048093;0.0227785;
0.00143183;-0.00481031;0.0227833;
0.00143383;-0.0048093;0.0227785;
0.00143583;-0.00481031;0.0227833;
0.00143783;-0.0048093;0.0227785;
0.00143983;-0.00481031;0.0227833;
0.00144183;-0.0048093;0.0227785;
0.00144383;-0.00481031;0.0227833;
0.00144583;-0.0048093;0.0227785;
0.00144783;-0.00481031;0.0227833;
0.00144983;-0.0048093;0.0227785;
0.00145183;-0.00481031;0.0227833;
0.00145383;-0.0048093;0.0227785;
0.00145583;-0.00481031;0.0227833;
0.00145783;-0.0048093;0.0227785;
0.00145983;-0.00481031;0.0227833;
0.00146183;-0.00480931;0.0227785;
0.00146383;-0.00481031;0.0227833;
0.00146583;-0.00480931;0.0227785;
0.00146783;-0.00481031;0.0227833;
0.00146983;-0.00480931;0.0227785;
0.00147183;-0.0048103;0.0227833;
0.00147383;-0.00480931;0.0227785;
0.00147583;-0.0048103;0.0227832;
0.00147783;-0.00480931;0.0227785;
0.00147983;-0.0048103;0.0227832;
0.00148183;-0.00480931;0.0227785;
0.00148383;-0.0048103;0.0227832;
0.00148583;-0.00480931;0.0227785;
0.00148783;-0.0048103;0.0227832;
0.00148983;-0.00480931;0.0227786;
0.00149183;-0.0048103;0.0227832;
0.00149383;-0.00480931;0.0227786;
0.00149583;-0.0048103;0.0227832;
0.00149783;-0.00480931;0.0227786;
0.00149983;-0.0048103;0.0227832;
0.0015;-0.00480932;0.0227786;
0.0015002;-0.00477022;0.0225921;
0.0015006;-0.0046708;0.0221177;
0.0015014;-0.00445363;0.0210819;
0.001503;-0.00403094;0.0190664;
0.001505;-0.00349898;0.0165352;
0.001507;-0.00297492;0.0140432;
0.001509;-0.00245215;0.0115606;
0.001511;-0.00193951;0.00912991;
0.001513;-0.00143638;0.0067487;
0.001515;-0.000955686;0.00447894;
0.001517;-0.000517164;0.00241479;
0.001519;-0.000179109;0.000831085;
0.001521;-2.50638e-05;0.000114976;
0.001523;-8.11409e-07;3.65332e-06;
0.001525;3.27971e-07;-1.44148e-06;
0.001527;3.95822e-07;-1.69309e-06;
0.001529;3.8781e-07;-1.6114e-06;
0.001531;4.19594e-07;-1.69127e-06;
0.001533;4.06681e-07;-1.58812e-06;
0.001535;4.37725e-07;-1.6539e-06;
0.001537;4.26076e-07;-1.55545e-06;
0.001539;4.59794e-07;-1.61916e-06;
0.001541;4.52379e-07;-1.5338e-06;
0.001543;4.92557e-07;-1.60426e-06;
0.001545;4.94992e-07;-1.54429e-06;
0.001547;5.49597e-07;-1.63632e-06;
0.001549;5.70381e-07;-1.61274e-06;
0.00155;6.17162e-07;-1.69676e-06;
0.0015502;5.72071e-07;-1.56423e-06;
0.0015506;5.11875e-07;-1.38516e-06;
0.0015514;4.13442e-07;-1.09895e-06;
0.001553;2.79987e-07;-7.24249e-07;
0.001555;1.72657e-07;-4.36662e-07;
0.001557;1.08597e-07;-2.70786e-07;
0.001559;6.62395e-08;-1.63707e-07;
0.001561;4.2402e-08;-1.04214e-07;
0.001563;2.50359e-08;-6.13199e-08;
0.001565;1.67603e-08;-4.09187e-08;
0.001567;9.08976e-09;-2.21606e-08;
0.001569;6.85307e-09;-1.6708e-08;
0.001571;2.92988e-09;-7.13643e-09;
0.001573;3.02359e-09;-7.36751e-09;
0.001575;5.49653e-10;-1.33784e-09;
0.001577;1.54418e-09;-3.76171e-09;
0.001579;-3.69711e-10;9.00855e-10;
0.001581;9.72771e-10;-2.36939e-09;
0.001583;-7.2475e-10;1.76524e-09;
0.001585;7.52075e-10;-1.8317e-09;
0.001587;-8.61837e-10;2.09897e-09;
0.001589;6.66824e-10;-1.624e-09;
0.001591;-9.14752e-10;2.22778e-09;
0.001593;6.33879e-10;-1.54374e-09;
0.001595;-9.35163e-10;2.27747e-09;
0.001597;6.21133e-10;-1.51269e-09;
0.001599;-9.43022e-10;2.2966e-09;
0.001601;6.16188e-10;-1.50064e-09;
0.001603;-9.46033e-10;2.30393e-09;
0.001605;6.14254e-10;-1.49593e-09;
0.001607;-9.47172e-10;2.30671e-09;
0.001609;6.13484e-10;-1.49406e-09;
0.001611;-9.47589e-10;2.30772e-09;
0.001613;6.13163e-10;-1.49327e-09;
0.001615;-9.47726e-10;2.30805e-09;
0.001617;6.13016e-10;-1.49291e-09;
0.001619;-9.47756e-10;2.30813e-09;
0.001621;6.12936e-10;-1.49272e-09;
0.001623;-9.47743e-10;2.3081e-09;
0.001625;6.12881e-10;-1.49259e-09;
0.0016252;-1.96056e-10;4.77466e-10;
0.0016256;-2.24491e-10;5.46716e-10;
0.0016264;-4.33268e-10;1.05517e-09;
0.001627;-3.42533e-09;8.34244e-09;
0.00162716;-3.66053e-09;8.91551e-09;
0.00162748;-3.60749e-09;8.78682e-09;
0.00162812;-3.61402e-09;8.80372e-09;
0.0016294;-3.64438e-09;8.87972e-09;
0.0016314;-4.04387e-09;9.85679e-09;
0.0016334;-4.16752e-09;1.01623e-08;
0.0016354;-4.34514e-09;1.05998e-08;
0.0016374;-4.28837e-09;1.04658e-08;
0.0016394;-2.04653e-09;4.99612e-09;
0.0016414;-1.65908e-09;4.05094e-09;
0.0016434;-8.25031e-10;2.01469e-09;
0.0016454;-8.23046e-10;2.00997e-09;
0.0016474;-3.43267e-10;8.38334e-10;
0.0016494;-4.94433e-10;1.20754e-09;
0.0016514;-1.65711e-10;4.04718e-10;
0.0016534;-3.59134e-10;8.7713e-10;
0.0016554;-1.05256e-10;2.57074e-10;
0.0016574;-2.99243e-10;7.30863e-10;
0.0016594;-8.92151e-11;2.17897e-10;
0.0016614;-2.6917e-10;6.57415e-10;
0.0016634;-8.95461e-11;2.18706e-10;
0.0016654;-2.51448e-10;6.14133e-10;
0.0016674;-9.5464e-11;2.3316e-10;
0.0016694;-2.39128e-10;5.84042e-10;
0.0016714;-1.02925e-10;2.51383e-10;
0.0016734;-2.29477e-10;5.60472e-10;
0.0016754;-1.10436e-10;2.69728e-10;
0.0016774;-2.21374e-10;5.40681e-10;
0.0016794;-1.17462e-10;2.86888e-10;
0.0016814;-2.14343e-10;5.23509e-10;
0.0016834;-1.23863e-10;3.02522e-10;
0.0016854;-2.08142e-10;5.08364e-10;
0.0016874;-1.29629e-10;3.16603e-10;
0.0016894;-2.02634e-10;4.94912e-10;
0.0016914;-1.34797e-10;3.29226e-10;
0.0016934;-1.97727e-10;4.82925e-10;
0.0016954;-1.3942e-10;3.40518e-10;
0.0016974;-1.93348e-10;4.7223e-10;
0.0016994;-1.43553e-10;3.50611e-10;
0.0017014;-1.89438e-10;4.62681e-10;
0.0017034;-1.47245e-10;3.59629e-10;
0.0017054;-1.85946e-10;4.54153e-10;
0.0017074;-1.50544e-10;3.67686e-10;
0.0017094;-1.82828e-10;4.46537e-10;
0.0017114;-1.5349e-10;3.74882e-10;
0.0017134;-1.80043e-10;4.39734e-10;
0.0017154;-1.56122e-10;3.8131e-10;
0.0017174;-1.77555e-10;4.33658e-10;
0.0017194;-1.58473e-10;3.87052e-10;
0.0017214;-1.75333e-10;4.28231e-10;
0.0017234;-1.60573e-10;3.9218e-10;
0.0017254;-1.73348e-10;4.23383e-10;
0.0017274;-1.62448e-10;3.96761e-10;
0.0017294;-1.71575e-10;4.19053e-10;
0.0017314;-1.64123e-10;4.00853e-10;
0.0017334;-1.69992e-10;4.15186e-10;
0.0017354;-1.6562e-10;4.04508e-10;
0.0017374;-1.68578e-10;4.11732e-10;
0.0017394;-1.66956e-10;4.07772e-10;
0.0017414;-1.67315e-10;4.08647e-10;
0.0017434;-1.6815e-10;4.10687e-10;
0.0017454;-1.66186e-10;4.05891e-10;
0.0017474;-1.69216e-10;4.13291e-10;
0.0017494;-1.65179e-10;4.03431e-10;
0.0017514;-1.70168e-10;4.15616e-10;
0.0017534;-1.64279e-10;4.01233e-10;
0.0017554;-1.71018e-10;4.17693e-10;
0.0017574;-1.63475e-10;3.9927e-10;
0.0017594;-1.71778e-10;4.19548e-10;
0.0017614;-1.62758e-10;3.97517e-10;
0.0017634;-1.72456e-10;4.21204e-10;
0.0017654;-1.62117e-10;3.95952e-10;
0.0017674;-1.73061e-10;4.22683e-10;
0.0017694;-1.61545e-10;3.94555e-10;
0.0017714;-1.73602e-10;4.24004e-10;
0.0017734;-1.61037e-10;3.93315e-10;
0.0017754;-1.74083e-10;4.25177e-10;
0.0017774;-1.6058e-10;3.92199e-10;
0.0017794;-1.74513e-10;4.26229e-10;
0.0017814;-1.60173e-10;3.91203e-10;
0.0017834;-1.74898e-10;4.2717e-10;
0.0017854;-1.59809e-10;3.90315e-10;
0.0017874;-1.75242e-10;4.28009e-10;
0.0017894;-1.59484e-10;3.89521e-10;
0.0017914;-1.75549e-10;4.28759e-10;
0.0017934;-1.59194e-10;3.88813e-10;
0.0017954;-1.75823e-10;4.29428e-10;
0.0017974;-1.58935e-10;3.88181e-10;
0.0017994;-1.76067e-10;4.30025e-10;
0.0018014;-1.58704e-10;3.87617e-10;
0.0018034;-1.76286e-10;4.30558e-10;
0.0018054;-1.58498e-10;3.87114e-10;
0.0018074;-1.7648e-10;4.31033e-10;
0.0018094;-1.58314e-10;3.86665e-10;
0.0018114;-1.76654e-10;4.31457e-10;
0.0018134;-1.5815e-10;3.86264e-10;
0.0018154;-1.76809e-10;4.31836e-10;
0.0018174;-1.58004e-10;3.85907e-10;
0.0018194;-1.76947e-10;4.32173e-10;
0.0018214;-1.57874e-10;3.85589e-10;
0.0018234;-1.7707e-10;4.32474e-10;
0.0018254;-1.57757e-10;3.85305e-10;
0.0018274;-1.7718e-10;4.32742e-10;
0.0018294;-1.57654e-10;3.85051e-10;
0.0018314;-1.77278e-10;4.32981e-10;
0.0018334;-1.57561e-10;3.84826e-10;
0.0018354;-1.77365e-10;4.33194e-10;
0.0018374;-1.57479e-10;3.84625e-10;
0.0018394;-1.77443e-10;4.33384e-10;
0.0018414;-1.57406e-10;3.84446e-10;
0.0018434;-1.77512e-10;4.33553e-10;
0.0018454;-1.57341e-10;3.84287e-10;
0.0018474;-1.77573e-10;4.33703e-10;
0.0018494;-1.57283e-10;3.84145e-10;
0.0018514;-1.77628e-10;4.33836e-10;
0.0018534;-1.57231e-10;3.84019e-10;
0.0018554;-1.77677e-10;4.33955e-10;
0.0018574;-1.57185e-10;3.83907e-10;
0.0018594;-1.7772e-10;4.34061e-10;
0.0018614;-1.57144e-10;3.83807e-10;
0.0018634;-1.77758e-10;4.34155e-10;
0.0018654;-1.57108e-10;3.83719e-10;
0.0018674;-1.77792e-10;4.34238e-10;
0.0018694;-1.57076e-10;3.83641e-10;
0.0018714;-1.77823e-10;4.34312e-10;
0.0018734;-1.57048e-10;3.83571e-10;
0.0018754;-1.77849e-10;4.34377e-10;
0.0018774;-1.57023e-10;3.8351e-10;
0.0018794;-1.77873e-10;4.34435e-10;
0.0018814;-1.57e-10;3.83456e-10;
0.0018834;-1.77894e-10;4.34486e-10;
0.0018854;-1.56981e-10;3.83408e-10;
0.0018874;-1.77912e-10;4.34531e-10;
0.0018894;-1.56963e-10;3.83365e-10;
0.0018914;-1.77929e-10;4.34571e-10;
0.0018934;-1.56948e-10;3.83328e-10;
0.0018954;-1.77943e-10;4.34605e-10;
0.0018974;-1.56935e-10;3.83295e-10;
0.0018994;-1.77955e-10;4.34636e-10;
0.0019014;-1.56923e-10;3.83267e-10;
0.0019034;-1.77966e-10;4.34663e-10;
0.0019054;-1.56913e-10;3.83242e-10;
0.0019074;-1.77976e-10;4.34686e-10;
0.0019094;-1.56904e-10;3.8322e-10;
0.0019114;-1.77984e-10;4.34707e-10;
0.0019134;-1.56896e-10;3.83201e-10;
0.0019154;-1.77992e-10;4.34724e-10;
0.0019174;-1.56889e-10;3.83185e-10;
0.0019194;-1.77998e-10;4.34739e-10;
0.0019214;-1.56884e-10;3.83171e-10;
0.0019234;-1.78003e-10;4.34752e-10;
0.0019254;-1.56879e-10;3.83159e-10;
0.0019274;-1.78008e-10;4.34763e-10;
0.0019294;-1.56875e-10;3.83148e-10;
0.0019314;-1.78011e-10;4.34773e-10;
0.0019334;-1.56871e-10;3.8314e-10;
0.0019354;-1.78015e-10;4.3478e-10;
0.0019374;-1.56868e-10;3.83133e-10;
0.0019394;-1.78017e-10;4.34787e-10;
0.0019414;-1.56866e-10;3.83127e-10;
0.0019434;-1.78019e-10;4.34792e-10;
0.0019454;-1.56864e-10;3.83123e-10;
0.0019474;-1.78021e-10;4.34796e-10;
0.0019494;-1.56863e-10;3.83119e-10;
0.0019514;-1.78022e-10;4.34799e-10;
0.0019534;-1.56861e-10;3.83116e-10;
0.0019554;-1.78023e-10;4.34801e-10;
0.0019574;-1.56861e-10;3.83115e-10;
0.0019594;-1.78024e-10;4.34803e-10;
0.0019614;-1.5686e-10;3.83114e-10;
0.0019634;-1.78024e-10;4.34803e-10;
0.0019654;-1.5686e-10;3.83113e-10;
0.0019674;-1.78024e-10;4.34803e-10;
0.0019694;-1.5686e-10;3.83113e-10;
0.0019714;-1.78024e-10;4.34803e-10;
0.0019734;-1.56861e-10;3.83114e-10;
0.0019754;-1.78023e-10;4.34802e-10;
0.0019774;-1.56861e-10;3.83115e-10;
0.0019794;-1.78023e-10;4.348e-10;
0.0019814;-1.56862e-10;3.83117e-10;
0.0019834;-1.78022e-10;4.34799e-10;
0.0019854;-1.56863e-10;3.83119e-10;
0.0019874;-1.78021e-10;4.34796e-10;
0.0019894;-1.56864e-10;3.83121e-10;
0.0019914;-1.7802e-10;4.34794e-10;
0.0019934;-1.56865e-10;3.83124e-10;
0.0019954;-1.78019e-10;4.34791e-10;
0.0019974;-1.56866e-10;3.83127e-10;
0.0019994;-1.78018e-10;4.34788e-10;
0.002;-1.56869e-10;3.83134e-10;
0.0020002;-4.03632e-08;9.86231e-08;
0.0020006;-1.14584e-07;2.80129e-07;
0.0020014;-2.33667e-07;5.75918e-07;
0.002003;-4.00549e-07;1.01284e-06;
0.002005;-5.25839e-07;1.39192e-06;
0.002007;-5.93692e-07;1.65814e-06;
0.002009;-6.20861e-07;1.83444e-06;
0.002011;-6.12173e-07;1.91156e-06;
0.002013;-5.73124e-07;1.88414e-06;
0.002015;-5.2497e-07;1.80764e-06;
0.002017;-4.85996e-07;1.74444e-06;
0.002019;-4.58681e-07;1.71004e-06;
0.002021;-4.39451e-07;1.69721e-06;
0.002023;-4.25507e-07;1.69904e-06;
0.002025;-4.1459e-07;1.70886e-06;
0.002027;-4.05746e-07;1.72414e-06;
0.002029;-4.08699e-07;1.78839e-06;
0.002031;-1.49732e-06;6.74022e-06;
0.002033;-8.88028e-05;0.000410326;
0.002035;-0.000864963;0.00405127;
0.002037;-0.00136315;0.00640256;
0.002039;-0.00190305;0.00895717;
0.002041;-0.0024192;0.0114042;
0.002043;-0.00296014;0.0139729;
0.002045;-0.0034855;0.0164711;
0.002047;-0.00402808;0.0190542;
0.002049;-0.00455886;0.021584;
0.00205;-0.00483305;0.0228912;
0.0020502;-0.00484514;0.0229495;
0.0020506;-0.00485171;0.0229808;
0.0020514;-0.00484821;0.0229641;
0.002053;-0.00485088;0.0229768;
0.002055;-0.0048486;0.022966;
0.002057;-0.00485058;0.0229754;
0.002059;-0.00484886;0.0229672;
0.002061;-0.00485036;0.0229744;
0.002063;-0.00484905;0.0229681;
0.002065;-0.00485019;0.0229736;
0.002067;-0.0048492;0.0229688;
0.002069;-0.00485006;0.0229729;
0.002071;-0.00484931;0.0229694;
0.002073;-0.00484996;0.0229725;
0.002075;-0.0048494;0.0229698;
0.002077;-0.00484989;0.0229721;
0.002079;-0.00484946;0.0229701;
0.002081;-0.00484983;0.0229719;
0.002083;-0.00484951;0.0229703;
0.002085;-0.00484979;0.0229717;
0.002087;-0.00484955;0.0229705;
0.002089;-0.00484976;0.0229715;
0.002091;-0.00484957;0.0229706;
0.002093;-0.00484973;0.0229714;
0.002095;-0.00484959;0.0229707;
0.002097;-0.00484972;0.0229713;
0.002099;-0.00484961;0.0229708;
0.002101;-0.0048497;0.0229712;
0.002103;-0.00484962;0.0229709;
0.002105;-0.00484969;0.0229712;
0.002107;-0.00484963;0.0229709;
0.002109;-0.00484968;0.0229712;
0.002111;-0.00484964;0.0229709;
0.002113;-0.00484968;0.0229711;
0.002115;-0.00484964;0.022971;
0.002117;-0.00484967;0.0229711;
0.002119;-0.00484965;0.022971;
0.002121;-0.00484967;0.0229711;
0.002123;-0.00484965;0.022971;
0.002125;-0.00484967;0.0229711;
0.0021252;-0.00484966;0.022971;
0.0021256;-0.00484964;0.0229709;
0.0021264;-0.00484956;0.0229706;
0.002127;-0.00484948;0.0229702;
0.00212716;-0.00484951;0.0229703;
0.00212748;-0.00484951;0.0229703;
0.00212791;-0.00477932;0.0226355;
0.00212829;-0.00471125;0.0223108;
0.00212851;-0.00482043;0.0228316;
0.00212872;-0.00481468;0.0228042;
0.00212897;-0.00480776;0.0227711;
0.0021292;-0.00481044;0.022784;
0.00212957;-0.00480947;0.0227793;
0.00213033;-0.00481002;0.0227819;
0.00213183;-0.00480964;0.0227801;
0.00213383;-0.00480993;0.0227815;
0.00213583;-0.00480971;0.0227804;
0.00213783;-0.00480987;0.0227812;
0.00213983;-0.00480977;0.0227807;
0.00214183;-0.00480981;0.022781;
0.00214383;-0.00480982;0.022781;
0.00214583;-0.00480976;0.0227807;
0.00214783;-0.00480987;0.0227812;
0.00214983;-0.00480972;0.0227805;
0.00215183;-0.00480991;0.0227814;
0.00215383;-0.00480968;0.0227803;
0.00215583;-0.00480995;0.0227816;
0.00215783;-0.00480964;0.0227801;
0.00215983;-0.00480999;0.0227817;
0.00216183;-0.00480961;0.02278;
0.00216383;-0.00481002;0.0227819;
0.00216583;-0.00480958;0.0227798;
0.00216783;-0.00481004;0.022782;
0.00216983;-0.00480955;0.0227797;
0.00217183;-0.00481007;0.0227821;
0.00217383;-0.00480953;0.0227796;
0.00217583;-0.00481009;0.0227822;
0.00217783;-0.00480951;0.0227795;
0.00217983;-0.00481011;0.0227823;
0.00218183;-0.00480949;0.0227794;
0.00218383;-0.00481013;0.0227824;
0.00218583;-0.00480947;0.0227793;
0.00218783;-0.00481015;0.0227825;
0.00218983;-0.00480945;0.0227792;
0.00219183;-0.00481017;0.0227826;
0.00219383;-0.00480944;0.0227792;
0.00219583;-0.00481018;0.0227827;
0.00219783;-0.00480942;0.0227791;
0.00219983;-0.00481019;0.0227827;
0.00220183;-0.00480941;0.022779;
0.00220383;-0.00481021;0.0227828;
0.00220583;-0.0048094;0.022779;
0.00220783;-0.00481022;0.0227828;
0.00220983;-0.00480939;0.0227789;
0.00221183;-0.00481023;0.0227829;
0.00221383;-0.00480938;0.0227789;
0.00221583;-0.00481024;0.0227829;
0.00221783;-0.00480937;0.0227788;
0.00221983;-0.00481025;0.022783;
0.00222183;-0.00480936;0.0227788;
0.00222383;-0.00481025;0.022783;
0.00222583;-0.00480935;0.0227788;
0.00222783;-0.00481026;0.022783;
0.00222983;-0.00480935;0.0227787;
0.00223183;-0.00481027;0.0227831;
0.00223383;-0.00480934;0.0227787;
0.00223583;-0.00481027;0.0227831;
0.00223783;-0.00480934;0.0227787;
0.00223983;-0.00481028;0.0227831;
0.00224183;-0.00480933;0.0227787;
0.00224383;-0.00481028;0.0227831;
0.00224583;-0.00480933;0.0227786;
0.00224783;-0.00481029;0.0227832;
0.00224983;-0.00480932;0.0227786;
0.00225183;-0.00481029;0.0227832;
0.00225383;-0.00480932;0.0227786;
0.00225583;-0.0048103;0.0227832;
0.00225783;-0.00480931;0.0227786;
0.00225983;-0.0048103;0.0227832;
0.00226183;-0.00480931;0.0227786;
0.00226383;-0.0048103;0.0227832;
0.00226583;-0.00480931;0.0227785;
0.00226783;-0.0048103;0.0227832;
0.00226983;-0.00480931;0.0227785;
0.00227183;-0.00481031;0.0227833;
0.00227383;-0.0048093;0.0227785;
0.00227583;-0.00481031;0.0227833;
0.00227783;-0.0048093;0.0227785;
0.00227983;-0.00481031;0.0227833;
0.00228183;-0.0048093;0.0227785;
0.00228383;-0.00481031;0.0227833;
0.00228583;-0.0048093;0.0227785;
0.00228783;-0.00481031;0.0227833;
0.00228983;-0.0048093;0.0227785;
0.00229183;-0.00481031;0.0227833;
0.00229383;-0.0048093;0.0227785;
0.00229583;-0.00481032;0.0227833;
0.00229783;-0.00480929;0.0227785;
0.00229983;-0.00481032;0.0227833;
0.00230183;-0.00480929;0.0227785;
0.00230383;-0.00481032;0.0227833;
0.00230583;-0.00480929;0.0227785;
0.00230783;-0.00481032;0.0227833;
0.00230983;-0.00480929;0.0227785;
0.00231183;-0.00481032;0.0227833;
0.00231383;-0.00480929;0.0227785;
0.00231583;-0.00481032;0.0227833;
0.00231783;-0.00480929;0.0227785;
0.00231983;-0.00481032;0.0227833;
0.00232183;-0.00480929;0.0227785;
0.00232383;-0.00481032;0.0227833;
0.00232583;-0.00480929;0.0227785;
0.00232783;-0.00481032;0.0227833;
0.00232983;-0.00480929;0.0227785;
0.00233183;-0.00481032;0.0227833;
0.00233383;-0.00480929;0.0227785;
0.00233583;-0.00481032;0.0227833;
0.00233783;-0.00480929;0.0227785;
0.00233983;-0.00481032;0.0227833;
0.00234183;-0.00480929;0.0227785;
0.00234383;-0.00481032;0.0227833;
0.00234583;-0.00480929;0.0227785;
0.00234783;-0.00481032;0.0227833;
0.00234983;-0.00480929;0.0227785;
0.00235183;-0.00481032;0.0227833;
0.00235383;-0.00480929;0.0227785;
0.00235583;-0.00481032;0.0227833;
0.00235783;-0.00480929;0.0227785;
0.00235983;-0.00481032;0.0227833;
0.00236183;-0.00480929;0.0227785;
0.00236383;-0.00481032;0.0227833;
0.00236583;-0.00480929;0.0227785;
0.00236783;-0.00481032;0.0227833;
0.00236983;-0.00480929;0.0227785;
0.00237183;-0.00481032;0.0227833;
0.00237383;-0.00480929;0.0227785;
0.00237583;-0.00481032;0.0227833;
0.00237783;-0.00480929;0.0227785;
0.00237983;-0.00481032;0.0227833;
0.00238183;-0.00480929;0.0227785;
0.00238383;-0.00481032;0.0227833;
0.00238583;-0.00480929;0.0227785;
0.00238783;-0.00481032;0.0227833;
0.00238983;-0.00480929;0.0227785;
0.00239183;-0.00481032;0.0227833;
0.00239383;-0.00480929;0.0227785;
0.00239583;-0.00481032;0.0227833;
0.00239783;-0.0048093;0.0227785;
0.00239983;-0.00481032;0.0227833;
0.00240183;-0.0048093;0.0227785;
0.00240383;-0.00481032;0.0227833;
0.00240583;-0.0048093;0.0227785;
0.00240783;-0.00481031;0.0227833;
0.00240983;-0.0048093;0.0227785;
0.00241183;-0.00481031;0.0227833;
0.00241383;-0.0048093;0.0227785;
0.00241583;-0.00481031;0.0227833;
0.00241783;-0.0048093;0.0227785;
0.00241983;-0.00481031;0.0227833;
0.00242183;-0.0048093;0.0227785;
0.00242383;-0.00481031;0.0227833;
0.00242583;-0.0048093;0.0227785;
0.00242783;-0.00481031;0.0227833;
0.00242983;-0.0048093;0.0227785;
0.00243183;-0.00481031;0.0227833;
0.00243383;-0.0048093;0.0227785;
0.00243583;-0.00481031;0.0227833;
0.00243783;-0.0048093;0.0227785;
0.00243983;-0.00481031;0.0227833;
0.00244183;-0.0048093;0.0227785;
0.00244383;-0.00481031;0.0227833;
0.00244583;-0.0048093;0.0227785;
0.00244783;-0.00481031;0.0227833;
0.00244983;-0.0048093;0.0227785;
0.00245183;-0.00481031;0.0227833;
0.00245383;-0.0048093;0.0227785;
0.00245583;-0.00481031;0.0227833;
0.00245783;-0.0048093;0.0227785;
0.00245983;-0.00481031;0.0227833;
0.00246183;-0.00480931;0.0227785;
0.00246383;-0.00481031;0.0227833;
0.00246583;-0.00480931;0.0227785;
0.00246783;-0.00481031;0.0227833;
0.00246983;-0.00480931;0.0227785;
0.00247183;-0.0048103;0.0227833;
0.00247383;-0.00480931;0.0227785;
0.00247583;-0.0048103;0.0227832;
0.00247783;-0.00480931;0.0227785;
0.00247983;-0.0048103;0.0227832;
0.00248183;-0.00480931;0.0227785;
0.00248383;-0.0048103;0.0227832;
0.00248583;-0.00480931;0.0227785;
0.00248783;-0.0048103;0.0227832;
0.00248983;-0.00480931;0.0227786;
0.00249183;-0.0048103;0.0227832;
0.00249383;-0.00480931;0.0227786;
0.00249583;-0.0048103;0.0227832;
0.00249783;-0.00480931;0.0227786;
0.00249983;-0.0048103;0.0227832;
0.0025;-0.00480932;0.0227786;
0.0025002;-0.00477022;0.0225921;
0.0025006;-0.0046708;0.0221177;
0.0025014;-0.00445363;0.0210819;
0.002503;-0.00403094;0.0190664;
0.002505;-0.00349898;0.0165352;
0.002507;-0.00297492;0.0140432;
0.002509;-0.00245215;0.0115606;
0.002511;-0.00193951;0.00912991;
0.002513;-0.00143638;0.0067487;
0.002515;-0.000955686;0.00447894;
0.002517;-0.000517164;0.00241479;
0.002519;-0.000179109;0.000831085;
0.002521;-2.50638e-05;0.000114976;
0.002523;-8.11409e-07;3.65332e-06;
0.002525;3.27971e-07;-1.44148e-06;
0.002527;3.95822e-07;-1.69309e-06;
0.002529;3.8781e-07;-1.6114e-06;
0.002531;4.19594e-07;-1.69127e-06;
0.002533;4.06681e-07;-1.58812e-06;
0.002535;4.37725e-07;-1.6539e-06;
0.002537;4.26076e-07;-1.55545e-06;
0.002539;4.59794e-07;-1.61916e-06;
0.002541;4.52379e-07;-1.5338e-06;
0.002543;4.92557e-07;-1.60426e-06;
0.002545;4.94992e-07;-1.54429e-06;
0.002547;5.49597e-07;-1.63632e-06;
0.002549;5.70381e-07;-1.61274e-06;
0.00255;6.17162e-07;-1.69676e-06;
0.0025502;5.72071e-07;-1.56423e-06;
0.0025506;5.11875e-07;-1.38516e-06;
0.0025514;4.13442e-07;-1.09895e-06;
0.002553;2.79987e-07;-7.24249e-07;
0.002555;1.72657e-07;-4.36662e-07;
0.002557;1.08597e-07;-2.70786e-07;
0.002559;6.62395e-08;-1.63707e-07;
0.002561;4.2402e-08;-1.04214e-07;
0.002563;2.50359e-08;-6.13199e-08;
0.002565;1.67603e-08;-4.09187e-08;
0.002567;9.08976e-09;-2.21606e-08;
0.002569;6.85307e-09;-1.6708e-08;
0.002571;2.92988e-09;-7.13643e-09;
0.002573;3.02359e-09;-7.36751e-09;
0.002575;5.49653e-10;-1.33784e-09;
0.002577;1.54418e-09;-3.76171e-09;
0.002579;-3.69711e-10;9.00856e-10;
0.002581;9.72771e-10;-2.36939e-09;
0.002583;-7.2475e-10;1.76524e-09;
0.002585;7.52075e-10;-1.8317e-09;
0.002587;-8.61837e-10;2.09897e-09;
0.002589;6.66824e-10;-1.624e-09;
0.002591;-9.14752e-10;2.22778e-09;
0.002593;6.33879e-10;-1.54374e-09;
0.002595;-9.35163e-10;2.27747e-09;
0.002597;6.21133e-10;-1.51269e-09;
0.002599;-9.43022e-10;2.2966e-09;
0.002601;6.16188e-10;-1.50064e-09;
0.002603;-9.46033e-10;2.30393e-09;
0.002605;6.14254e-10;-1.49593e-09;
0.002607;-9.47172e-10;2.30671e-09;
0.002609;6.13484e-10;-1.49406e-09;
0.002611;-9.47589e-10;2.30772e-09;
0.002613;6.13163e-10;-1.49327e-09;
0.002615;-9.47726e-10;2.30805e-09;
0.002617;6.13016e-10;-1.49291e-09;
0.002619;-9.47756e-10;2.30813e-09;
0.002621;6.12936e-10;-1.49272e-09;
0.002623;-9.47743e-10;2.3081e-09;
0.002625;6.12881e-10;-1.49259e-09;
0.0026252;-1.96056e-10;4.77466e-10;
0.0026256;-2.24491e-10;5.46716e-10;
0.0026264;-4.33268e-10;1.05517e-09;
0.002627;-3.42533e-09;8.34244e-09;
0.00262716;-3.66053e-09;8.91551e-09;
0.00262748;-3.60749e-09;8.78682e-09;
0.00262812;-3.61402e-09;8.80372e-09;
0.0026294;-3.64438e-09;8.87972e-09;
0.0026314;-4.04387e-09;9.85679e-09;
0.0026334;-4.16752e-09;1.01623e-08;
0.0026354;-4.34514e-09;1.05998e-08;
0.0026374;-4.28837e-09;1.04658e-08;
0.0026394;-2.04653e-09;4.99612e-09;
0.0026414;-1.65908e-09;4.05094e-09;
0.0026434;-8.25031e-10;2.01469e-09;
0.0026454;-8.23046e-10;2.00997e-09;
0.0026474;-3.43267e-10;8.38334e-10;
0.0026494;-4.94433e-10;1.20754e-09;
0.0026514;-1.65711e-10;4.04718e-10;
0.0026534;-3.59134e-10;8.7713e-10;
0.0026554;-1.05256e-10;2.57074e-10;
0.0026574;-2.99243e-10;7.30863e-10;
0.0026594;-8.92151e-11;2.17897e-10;
0.0026614;-2.6917e-10;6.57415e-10;
0.0026634;-8.95461e-11;2.18706e-10;
0.0026654;-2.51448e-10;6.14133e-10;
0.0026674;-9.5464e-11;2.3316e-10;
0.0026694;-2.39128e-10;5.84042e-10;
0.0026714;-1.02925e-10;2.51383e-10;
0.0026734;-2.29477e-10;5.60472e-10;
0.0026754;-1.10436e-10;2.69728e-10;
0.0026774;-2.21374e-10;5.40681e-10;
0.0026794;-1.17462e-10;2.86888e-10;
0.0026814;-2.14343e-10;5.23509e-10;
0.0026834;-1.23863e-10;3.02522e-10;
0.0026854;-2.08142e-10;5.08364e-10;
0.0026874;-1.29629e-10;3.16603e-10;
0.0026894;-2.02634e-10;4.94912e-10;
0.0026914;-1.34797e-10;3.29226e-10;
0.0026934;-1.97727e-10;4.82925e-10;
0.0026954;-1.3942e-10;3.40518e-10;
0.0026974;-1.93348e-10;4.7223e-10;
0.0026994;-1.43553e-10;3.50611e-10;
0.0027014;-1.89438e-10;4.62681e-10;
0.0027034;-1.47245e-10;3.59629e-10;
0.0027054;-1.85946e-10;4.54153e-10;
0.0027074;-1.50544e-10;3.67686e-10;
0.0027094;-1.82828e-10;4.46537e-10;
0.0027114;-1.5349e-10;3.74882e-10;
0.0027134;-1.80043e-10;4.39734e-10;
0.0027154;-1.56122e-10;3.8131e-10;
0.0027174;-1.77555e-10;4.33658e-10;
0.0027194;-1.58473e-10;3.87052e-10;
0.0027214;-1.75333e-10;4.28231e-10;
0.0027234;-1.60573e-10;3.9218e-10;
0.0027254;-1.73348e-10;4.23383e-10;
0.0027274;-1.62448e-10;3.96761e-10;
0.0027294;-1.71575e-10;4.19053e-10;
0.0027314;-1.64123e-10;4.00853e-10;
0.0027334;-1.69992e-10;4.15186e-10;
0.0027354;-1.6562e-10;4.04508e-10;
0.0027374;-1.68578e-10;4.11732e-10;
0.0027394;-1.66956e-10;4.07772e-10;
0.0027414;-1.67315e-10;4.08647e-10;
0.0027434;-1.6815e-10;4.10687e-10;
0.0027454;-1.66186e-10;4.05891e-10;
0.0027474;-1.69216e-10;4.13291e-10;
0.0027494;-1.65179e-10;4.03431e-10;
0.0027514;-1.70168e-10;4.15616e-10;
0.0027534;-1.64279e-10;4.01233e-10;
0.0027554;-1.71018e-10;4.17693e-10;
0.0027574;-1.63475e-10;3.9927e-10;
0.0027594;-1.71778e-10;4.19548e-10;
0.0027614;-1.62758e-10;3.97517e-10;
0.0027634;-1.72456e-10;4.21204e-10;
0.0027654;-1.62117e-10;3.95952e-10;
0.0027674;-1.73061e-10;4.22683e-10;
0.0027694;-1.61545e-10;3.94555e-10;
0.0027714;-1.73602e-10;4.24004e-10;
0.0027734;-1.61037e-10;3.93315e-10;
0.0027754;-1.74083e-10;4.25177e-10;
0.0027774;-1.6058e-10;3.92199e-10;
0.0027794;-1.74513e-10;4.26229e-10;
0.0027814;-1.60173e-10;3.91203e-10;
0.0027834;-1.74898e-10;4.2717e-10;
0.0027854;-1.59809e-10;3.90315e-10;
0.0027874;-1.75242e-10;4.28009e-10;
0.0027894;-1.59484e-10;3.89521e-10;
0.0027914;-1.75549e-10;4.28759e-10;
0.0027934;-1.59194e-10;3.88813e-10;
0.0027954;-1.75823e-10;4.29428e-10;
0.0027974;-1.58935e-10;3.88181e-10;
0.0027994;-1.76067e-10;4.30025e-10;
0.0028014;-1.58704e-10;3.87617e-10;
0.0028034;-1.76286e-10;4.30558e-10;
0.0028054;-1.58498e-10;3.87114e-10;
0.0028074;-1.7648e-10;4.31033e-10;
0.0028094;-1.58314e-10;3.86665e-10;
0.0028114;-1.76654e-10;4.31457e-10;
0.0028134;-1.5815e-10;3.86264e-10;
0.0028154;-1.76809e-10;4.31836e-10;
0.0028174;-1.58004e-10;3.85907e-10;
0.0028194;-1.76947e-10;4.32173e-10;
0.0028214;-1.57874e-10;3.85589e-10;
0.0028234;-1.7707e-10;4.32474e-10;
0.0028254;-1.57757e-10;3.85305e-10;
0.0028274;-1.7718e-10;4.32742e-10;
0.0028294;-1.57654e-10;3.85051e-10;
0.0028314;-1.77278e-10;4.32981e-10;
0.0028334;-1.57561e-10;3.84826e-10;
0.0028354;-1.77365e-10;4.33194e-10;
0.0028374;-1.57479e-10;3.84625e-10;
0.0028394;-1.77443e-10;4.33384e-10;
0.0028414;-1.57406e-10;3.84446e-10;
0.0028434;-1.77512e-10;4.33552e-10;
0.0028454;-1.57341e-10;3.84287e-10;
0.0028474;-1.77573e-10;4.33703e-10;
0.0028494;-1.57283e-10;3.84145e-10;
0.0028514;-1.77628e-10;4.33836e-10;
0.0028534;-1.57231e-10;3.84019e-10;
0.0028554;-1.77677e-10;4.33955e-10;
0.0028574;-1.57185e-10;3.83907e-10;
0.0028594;-1.7772e-10;4.34061e-10;
0.0028614;-1.57144e-10;3.83807e-10;
0.0028634;-1.77758e-10;4.34155e-10;
0.0028654;-1.57108e-10;3.83719e-10;
0.0028674;-1.77792e-10;4.34238e-10;
0.0028694;-1.57076e-10;3.83641e-10;
0.0028714;-1.77823e-10;4.34312e-10;
0.0028734;-1.57048e-10;3.83571e-10;
0.0028754;-1.77849e-10;4.34377e-10;
0.0028774;-1.57023e-10;3.8351e-10;
0.0028794;-1.77873e-10;4.34435e-10;
0.0028814;-1.57e-10;3.83455e-10;
0.0028834;-1.77894e-10;4.34486e-10;
0.0028854;-1.56981e-10;3.83408e-10;
0.0028874;-1.77912e-10;4.34531e-10;
0.0028894;-1.56963e-10;3.83365e-10;
0.0028914;-1.77929e-10;4.34571e-10;
0.0028934;-1.56948e-10;3.83328e-10;
0.0028954;-1.77943e-10;4.34605e-10;
0.0028974;-1.56935e-10;3.83295e-10;
0.0028994;-1.77955e-10;4.34636e-10;
0.0029014;-1.56923e-10;3.83267e-10;
0.0029034;-1.77966e-10;4.34663e-10;
0.0029054;-1.56913e-10;3.83242e-10;
0.0029074;-1.77976e-10;4.34686e-10;
0.0029094;-1.56904e-10;3.8322e-10;
0.0029114;-1.77984e-10;4.34707e-10;
0.0029134;-1.56896e-10;3.83201e-10;
0.0029154;-1.77992e-10;4.34724e-10;
0.0029174;-1.56889e-10;3.83185e-10;
0.0029194;-1.77998e-10;4.34739e-10;
0.0029214;-1.56884e-10;3.83171e-10;
0.0029234;-1.78003e-10;4.34752e-10;
0.0029254;-1.56879e-10;3.83159e-10;
0.0029274;-1.78008e-10;4.34763e-10;
0.0029294;-1.56875e-10;3.83148e-10;
0.0029314;-1.78011e-10;4.34773e-10;
0.0029334;-1.56871e-10;3.8314e-10;
0.0029354;-1.78015e-10;4.3478e-10;
0.0029374;-1.56868e-10;3.83133e-10;
0.0029394;-1.78017e-10;4.34787e-10;
0.0029414;-1.56866e-10;3.83127e-10;
0.0029434;-1.78019e-10;4.34792e-10;
0.0029454;-1.56864e-10;3.83123e-10;
0.0029474;-1.78021e-10;4.34796e-10;
0.0029494;-1.56863e-10;3.83119e-10;
0.0029514;-1.78022e-10;4.34799e-10;
0.0029534;-1.56861e-10;3.83116e-10;
0.0029554;-1.78023e-10;4.34801e-10;
0.0029574;-1.56861e-10;3.83115e-10;
0.0029594;-1.78024e-10;4.34803e-10;
0.0029614;-1.5686e-10;3.83114e-10;
0.0029634;-1.78024e-10;4.34803e-10;
0.0029654;-1.5686e-10;3.83113e-10;
0.0029674;-1.78024e-10;4.34803e-10;
0.0029694;-1.5686e-10;3.83113e-10;
0.0029714;-1.78024e-10;4.34803e-10;
0.0029734;-1.56861e-10;3.83114e-10;
0.0029754;-1.78023e-10;4.34802e-10;
0.0029774;-1.56861e-10;3.83115e-10;
0.0029794;-1.78023e-10;4.348e-10;
0.0029814;-1.56862e-10;3.83117e-10;
0.0029834;-1.78022e-10;4.34799e-10;
0.0029854;-1.56863e-10;3.83119e-10;
0.0029874;-1.78021e-10;4.34796e-10;
0.0029894;-1.56864e-10;3.83121e-10;
0.0029914;-1.7802e-10;4.34794e-10;
0.0029934;-1.56865e-10;3.83124e-10;
0.0029954;-1.78019e-10;4.34791e-10;
0.0029974;-1.56866e-10;3.83127e-10;
0.0029994;-1.78018e-10;4.34788e-10;
0.003;-1.56869e-10;3.83134e-10;
0.0030002;-4.03632e-08;9.86231e-08;
0.0030006;-1.14584e-07;2.80129e-07;
0.0030014;-2.33667e-07;5.75918e-07;
0.003003;-4.00549e-07;1.01284e-06;
0.003005;-5.25839e-07;1.39192e-06;
0.003007;-5.93692e-07;1.65814e-06;
0.003009;-6.20861e-07;1.83444e-06;
0.003011;-6.12173e-07;1.91156e-06;
0.003013;-5.73124e-07;1.88414e-06;
0.003015;-5.2497e-07;1.80764e-06;
0.003017;-4.85996e-07;1.74444e-06;
0.003019;-4.58681e-07;1.71004e-06;
0.003021;-4.39451e-07;1.69721e-06;
0.003023;-4.25507e-07;1.69904e-06;
0.003025;-4.1459e-07;1.70886e-06;
0.003027;-4.05746e-07;1.72414e-06;
0.003029;-4.08699e-07;1.78839e-06;
0.003031;-1.49732e-06;6.74022e-06;
0.003033;-8.88028e-05;0.000410326;
0.003035;-0.000864963;0.00405127;
0.003037;-0.00136315;0.00640256;
0.003039;-0.00190305;0.00895717;
0.003041;-0.0024192;0.0114042;
0.003043;-0.00296014;0.0139729;
0.003045;-0.0034855;0.0164711;
0.003047;-0.00402808;0.0190542;
0.003049;-0.00455886;0.021584;
0.00305;-0.00483305;0.0228912;
0.0030502;-0.00484514;0.0229495;
0.0030506;-0.00485171;0.0229808;
0.0030514;-0.00484821;0.0229641;
0.003053;-0.00485088;0.0229768;
0.003055;-0.0048486;0.022966;
0.003057;-0.00485058;0.0229754;
0.003059;-0.00484886;0.0229672;
0.003061;-0.00485036;0.0229744;
0.003063;-0.00484905;0.0229681;
0.003065;-0.00485019;0.0229736;
0.003067;-0.0048492;0.0229688;
0.003069;-0.00485006;0.0229729;
0.003071;-0.00484931;0.0229694;
0.003073;-0.00484996;0.0229725;
0.003075;-0.0048494;0.0229698;
0.003077;-0.00484989;0.0229721;
0.003079;-0.00484946;0.0229701;
0.003081;-0.00484983;0.0229719;
0.003083;-0.00484951;0.0229703;
0.003085;-0.00484979;0.0229717;
0.003087;-0.00484955;0.0229705;
0.003089;-0.00484976;0.0229715;
0.003091;-0.00484957;0.0229706;
0.003093;-0.00484973;0.0229714;
0.003095;-0.00484959;0.0229707;
0.003097;-0.00484972;0.0229713;
0.003099;-0.00484961;0.0229708;
0.003101;-0.0048497;0.0229712;
0.003103;-0.00484962;0.0229709;
0.003105;-0.00484969;0.0229712;
0.003107;-0.00484963;0.0229709;
0.003109;-0.00484968;0.0229712;
0.003111;-0.00484964;0.0229709;
0.003113;-0.00484968;0.0229711;
0.003115;-0.00484964;0.022971;
0.003117;-0.00484967;0.0229711;
0.003119;-0.00484965;0.022971;
0.003121;-0.00484967;0.0229711;
0.003123;-0.00484965;0.022971;
0.003125;-0.00484967;0.0229711;
0.0031252;-0.00484966;0.022971;
0.0031256;-0.00484964;0.0229709;
0.0031264;-0.00484956;0.0229706;
0.003127;-0.00484948;0.0229702;
0.00312716;-0.00484951;0.0229703;
0.00312748;-0.00484951;0.0229703;
0.00312791;-0.00477932;0.0226355;
0.00312829;-0.00471125;0.0223108;
0.00312851;-0.00482043;0.0228316;
0.00312872;-0.00481468;0.0228042;
0.00312897;-0.00480776;0.0227711;
0.0031292;-0.00481044;0.022784;
0.00312957;-0.00480947;0.0227793;
0.00313033;-0.00481002;0.0227819;
0.00313183;-0.00480964;0.0227801;
0.00313383;-0.00480993;0.0227815;
0.00313583;-0.00480971;0.0227804;
0.00313783;-0.00480987;0.0227812;
0.00313983;-0.00480977;0.0227807;
0.00314183;-0.00480981;0.022781;
0.00314383;-0.00480982;0.022781;
0.00314583;-0.00480976;0.0227807;
0.00314783;-0.00480987;0.0227812;
0.00314983;-0.00480972;0.0227805;
0.00315183;-0.00480991;0.0227814;
0.00315383;-0.00480968;0.0227803;
0.00315583;-0.00480995;0.0227816;
0.00315783;-0.00480964;0.0227801;
0.00315983;-0.00480999;0.0227817;
0.00316183;-0.00480961;0.02278;
0.00316383;-0.00481002;0.0227819;
0.00316583;-0.00480958;0.0227798;
0.00316783;-0.00481004;0.022782;
0.00316983;-0.00480955;0.0227797;
0.00317183;-0.00481007;0.0227821;
0.00317383;-0.00480953;0.0227796;
0.00317583;-0.00481009;0.0227822;
0.00317783;-0.00480951;0.0227795;
0.00317983;-0.00481011;0.0227823;
0.00318183;-0.00480949;0.0227794;
0.00318383;-0.00481013;0.0227824;
0.00318583;-0.00480947;0.0227793;
0.00318783;-0.00481015;0.0227825;
0.00318983;-0.00480945;0.0227792;
0.00319183;-0.00481017;0.0227826;
0.00319383;-0.00480944;0.0227792;
0.00319583;-0.00481018;0.0227827;
0.00319783;-0.00480942;0.0227791;
0.00319983;-0.00481019;0.0227827;
0.00320183;-0.00480941;0.022779;
0.00320383;-0.00481021;0.0227828;
0.00320583;-0.0048094;0.022779;
0.00320783;-0.00481022;0.0227828;
0.00320983;-0.00480939;0.0227789;
0.00321183;-0.00481023;0.0227829;
0.00321383;-0.00480938;0.0227789;
0.00321583;-0.00481024;0.0227829;
0.00321783;-0.00480937;0.0227788;
0.00321983;-0.00481025;0.022783;
0.00322183;-0.00480936;0.0227788;
0.00322383;-0.00481025;0.022783;
0.00322583;-0.00480935;0.0227788;
0.00322783;-0.00481026;0.022783;
0.00322983;-0.00480935;0.0227787;
0.00323183;-0.00481027;0.0227831;
0.00323383;-0.00480934;0.0227787;
0.00323583;-0.00481027;0.0227831;
0.00323783;-0.00480934;0.0227787;
0.00323983;-0.00481028;0.0227831;
0.00324183;-0.00480933;0.0227787;
0.00324383;-0.00481028;0.0227831;
0.00324583;-0.00480933;0.0227786;
0.00324783;-0.00481029;0.0227832;
0.00324983;-0.00480932;0.0227786;
0.00325183;-0.00481029;0.0227832;
0.00325383;-0.00480932;0.0227786;
0.00325583;-0.0048103;0.0227832;
0.00325783;-0.00480931;0.0227786;
0.00325983;-0.0048103;0.0227832;
0.00326183;-0.00480931;0.0227786;
0.00326383;-0.0048103;0.0227832;
0.00326583;-0.00480931;0.0227785;
0.00326783;-0.0048103;0.0227832;
0.00326983;-0.00480931;0.0227785;
0.00327183;-0.00481031;0.0227833;
0.00327383;-0.0048093;0.0227785;
0.00327583;-0.00481031;0.0227833;
0.00327783;-0.0048093;0.0227785;
0.00327983;-0.00481031;0.0227833;
0.00328183;-0.0048093;0.0227785;
0.00328383;-0.00481031;0.0227833;
0.00328583;-0.0048093;0.0227785;
0.00328783;-0.00481031;0.0227833;
0.00328983;-0.0048093;0.0227785;
0.00329183;-0.00481031;0.0227833;
0.00329383;-0.0048093;0.0227785;
0.00329583;-0.00481032;0.0227833;
0.00329783;-0.00480929;0.0227785;
0.00329983;-0.00481032;0.0227833;
0.00330183;-0.00480929;0.0227785;
0.00330383;-0.00481032;0.0227833;
0.00330583;-0.00480929;0.0227785;
0.00330783;-0.00481032;0.0227833;
0.00330983;-0.00480929;0.0227785;
0.00331183;-0.00481032;0.0227833;
0.00331383;-0.00480929;0.0227785;
0.00331583;-0.00481032;0.0227833;
0.00331783;-0.00480929;0.0227785;
0.00331983;-0.00481032;0.0227833;
0.00332183;-0.00480929;0.0227785;
0.00332383;-0.00481032;0.0227833;
0.00332583;-0.00480929;0.0227785;
0.00332783;-0.00481032;0.0227833;
0.00332983;-0.00480929;0.0227785;
0.00333183;-0.00481032;0.0227833;
0.00333383;-0.00480929;0.0227785;
0.00333583;-0.00481032;0.0227833;
0.00333783;-0.00480929;0.0227785;
0.00333983;-0.00481032;0.0227833;
0.00334183;-0.00480929;0.0227785;
0.00334383;-0.00481032;0.0227833;
0.00334583;-0.00480929;0.0227785;
0.00334783;-0.00481032;0.0227833;
0.00334983;-0.00480929;0.0227785;
0.00335183;-0.00481032;0.0227833;
0.00335383;-0.00480929;0.0227785;
0.00335583;-0.00481032;0.0227833;
0.00335783;-0.00480929;0.0227785;
0.00335983;-0.00481032;0.0227833;
0.00336183;-0.00480929;0.0227785;
0.00336383;-0.00481032;0.0227833;
0.00336583;-0.00480929;0.0227785;
0.00336783;-0.00481032;0.0227833;
0.00336983;-0.00480929;0.0227785;
0.00337183;-0.00481032;0.0227833;
0.00337383;-0.00480929;0.0227785;
0.00337583;-0.00481032;0.0227833;
0.00337783;-0.00480929;0.0227785;
0.00337983;-0.00481032;0.0227833;
0.00338183;-0.00480929;0.0227785;
0.00338383;-0.00481032;0.0227833;
0.00338583;-0.00480929;0.0227785;
0.00338783;-0.00481032;0.0227833;
0.00338983;-0.00480929;0.0227785;
0.00339183;-0.00481032;0.0227833;
0.00339383;-0.00480929;0.0227785;
0.00339583;-0.00481032;0.0227833;
0.00339783;-0.0048093;0.0227785;
0.00339983;-0.00481032;0.0227833;
0.00340183;-0.0048093;0.0227785;
0.00340383;-0.00481032;0.0227833;
0.00340583;-0.0048093;0.0227785;
0.00340783;-0.00481031;0.0227833;
0.00340983;-0.0048093;0.0227785;
0.00341183;-0.00481031;0.0227833;
0.00341383;-0.0048093;0.0227785;
0.00341583;-0.00481031;0.0227833;
0.00341783;-0.0048093;0.0227785;
0.00341983;-0.00481031;0.0227833;
0.00342183;-0.0048093;0.0227785;
0.00342383;-0.00481031;0.0227833;
0.00342583;-0.0048093;0.0227785;
0.00342783;-0.00481031;0.0227833;
0.00342983;-0.0048093;0.0227785;
0.00343183;-0.00481031;0.0227833;
0.00343383;-0.0048093;0.0227785;
0.00343583;-0.00481031;0.0227833;
0.00343783;-0.0048093;0.0227785;
0.00343983;-0.00481031;0.0227833;
0.00344183;-0.0048093;0.0227785;
0.00344383;-0.00481031;0.0227833;
0.00344583;-0.0048093;0.0227785;
0.00344783;-0.00481031;0.0227833;
0.00344983;-0.0048093;0.0227785;
0.00345183;-0.00481031;0.0227833;
0.00345383;-0.0048093;0.0227785;
0.00345583;-0.00481031;0.0227833;
0.00345783;-0.0048093;0.0227785;
0.00345983;-0.00481031;0.0227833;
0.00346183;-0.00480931;0.0227785;
0.00346383;-0.00481031;0.0227833;
0.00346583;-0.00480931;0.0227785;
0.00346783;-0.00481031;0.0227833;
0.00346983;-0.00480931;0.0227785;
0.00347183;-0.0048103;0.0227833;
0.00347383;-0.00480931;0.0227785;
0.00347583;-0.0048103;0.0227832;
0.00347783;-0.00480931;0.0227785;
0.00347983;-0.0048103;0.0227832;
0.00348183;-0.00480931;0.0227785;
0.00348383;-0.0048103;0.0227832;
0.00348583;-0.00480931;0.0227785;
0.00348783;-0.0048103;0.0227832;
0.00348983;-0.00480931;0.0227786;
0.00349183;-0.0048103;0.0227832;
0.00349383;-0.00480931;0.0227786;
0.00349583;-0.0048103;0.0227832;
0.00349783;-0.00480931;0.0227786;
0.00349983;-0.0048103;0.0227832;
0.0035;-0.00480932;0.0227786;
0.0035002;-0.00477022;0.0225921;
0.0035006;-0.0046708;0.0221177;
0.0035014;-0.00445363;0.0210819;
0.003503;-0.00403094;0.0190664;
0.003505;-0.00349898;0.0165352;
0.003507;-0.00297492;0.0140432;
0.003509;-0.00245215;0.0115606;
0.003511;-0.00193951;0.00912991;
0.003513;-0.00143638;0.0067487;
0.003515;-0.000955686;0.00447894;
0.003517;-0.000517164;0.00241479;
0.003519;-0.000179109;0.000831085;
0.003521;-2.50638e-05;0.000114976;
0.003523;-8.11409e-07;3.65332e-06;
0.003525;3.27971e-07;-1.44148e-06;
0.003527;3.95822e-07;-1.69309e-06;
0.003529;3.8781e-07;-1.6114e-06;
0.003531;4.19594e-07;-1.69127e-06;
0.003533;4.06681e-07;-1.58812e-06;
0.003535;4.37725e-07;-1.6539e-06;
0.003537;4.26076e-07;-1.55545e-06;
0.003539;4.59794e-07;-1.61916e-06;
0.003541;4.52379e-07;-1.5338e-06;
0.003543;4.92557e-07;-1.60426e-06;
0.003545;4.94992e-07;-1.54429e-06;
0.003547;5.49597e-07;-1.63632e-06;
0.003549;5.70381e-07;-1.61274e-06;
0.00355;6.17162e-07;-1.69676e-06;
0.0035502;5.72071e-07;-1.56423e-06;
0.0035506;5.11875e-07;-1.38516e-06;
0.0035514;4.13442e-07;-1.09895e-06;
0.003553;2.79987e-07;-7.24249e-07;
0.003555;1.72657e-07;-4.36662e-07;
0.003557;1.08597e-07;-2.70786e-07;
0.003559;6.62395e-08;-1.63707e-07;
0.003561;4.2402e-08;-1.04214e-07;
0.003563;2.50359e-08;-6.13199e-08;
0.003565;1.67603e-08;-4.09187e-08;
0.003567;9.08976e-09;-2.21606e-08;
0.003569;6.85307e-09;-1.6708e-08;
0.003571;2.92988e-09;-7.13643e-09;
0.003573;3.02359e-09;-7.36751e-09;
0.003575;5.49653e-10;-1.33784e-09;
0.003577;1.54418e-09;-3.76171e-09;
0.003579;-3.69711e-10;9.00856e-10;
0.003581;9.72771e-10;-2.36939e-09;
0.003583;-7.2475e-10;1.76524e-09;
0.003585;7.52075e-10;-1.8317e-09;
0.003587;-8.61837e-10;2.09897e-09;
0.003589;6.66824e-10;-1.624e-09;
0.003591;-9.14752e-10;2.22778e-09;
0.003593;6.33879e-10;-1.54374e-09;
0.003595;-9.35163e-10;2.27747e-09;
0.003597;6.21133e-10;-1.51269e-09;
0.003599;-9.43022e-10;2.2966e-09;
0.003601;6.16188e-10;-1.50064e-09;
0.003603;-9.46033e-10;2.30393e-09;
0.003605;6.14254e-10;-1.49593e-09;
0.003607;-9.47172e-10;2.30671e-09;
0.003609;6.13484e-10;-1.49406e-09;
0.003611;-9.47589e-10;2.30772e-09;
0.003613;6.13163e-10;-1.49327e-09;
0.003615;-9.47726e-10;2.30805e-09;
0.003617;6.13016e-10;-1.49291e-09;
0.003619;-9.47756e-10;2.30813e-09;
0.003621;6.12936e-10;-1.49272e-09;
0.003623;-9.47743e-10;2.3081e-09;
0.003625;6.12881e-10;-1.49259e-09;
0.0036252;-1.96056e-10;4.77466e-10;
0.0036256;-2.24491e-10;5.46716e-10;
0.0036264;-4.33268e-10;1.05517e-09;
0.003627;-3.42533e-09;8.34244e-09;
0.00362716;-3.66053e-09;8.91551e-09;
0.00362748;-3.60749e-09;8.78682e-09;
0.00362812;-3.61402e-09;8.80372e-09;
0.0036294;-3.64438e-09;8.87972e-09;
0.0036314;-4.04387e-09;9.85679e-09;
0.0036334;-4.16752e-09;1.01623e-08;
0.0036354;-4.34514e-09;1.05998e-08;
0.0036374;-4.28837e-09;1.04658e-08;
0.0036394;-2.04653e-09;4.99612e-09;
0.0036414;-1.65908e-09;4.05094e-09;
0.0036434;-8.25031e-10;2.01469e-09;
0.0036454;-8.23046e-10;2.00997e-09;
0.0036474;-3.43267e-10;8.38334e-10;
0.0036494;-4.94433e-10;1.20754e-09;
0.0036514;-1.65711e-10;4.04718e-10;
0.0036534;-3.59134e-10;8.7713e-10;
0.0036554;-1.05256e-10;2.57074e-10;
0.0036574;-2.99243e-10;7.30863e-10;
0.0036594;-8.92151e-11;2.17897e-10;
0.0036614;-2.6917e-10;6.57415e-10;
0.0036634;-8.95461e-11;2.18706e-10;
0.0036654;-2.51448e-10;6.14133e-10;
0.0036674;-9.5464e-11;2.3316e-10;
0.0036694;-2.39128e-10;5.84042e-10;
0.0036714;-1.02925e-10;2.51383e-10;
0.0036734;-2.29477e-10;5.60472e-10;
0.0036754;-1.10436e-10;2.69728e-10;
0.0036774;-2.21374e-10;5.40681e-10;
0.0036794;-1.17462e-10;2.86888e-10;
0.0036814;-2.14343e-10;5.23509e-10;
0.0036834;-1.23863e-10;3.02522e-10;
0.0036854;-2.08142e-10;5.08364e-10;
0.0036874;-1.29629e-10;3.16603e-10;
0.0036894;-2.02634e-10;4.94912e-10;
0.0036914;-1.34797e-10;3.29226e-10;
0.0036934;-1.97727e-10;4.82925e-10;
0.0036954;-1.3942e-10;3.40518e-10;
0.0036974;-1.93348e-10;4.7223e-10;
0.0036994;-1.43553e-10;3.50611e-10;
0.0037014;-1.89438e-10;4.62681e-10;
0.0037034;-1.47245e-10;3.59629e-10;
0.0037054;-1.85946e-10;4.54153e-10;
0.0037074;-1.50544e-10;3.67686e-10;
0.0037094;-1.82828e-10;4.46537e-10;
0.0037114;-1.5349e-10;3.74882e-10;
0.0037134;-1.80043e-10;4.39734e-10;
0.0037154;-1.56122e-10;3.8131e-10;
0.0037174;-1.77555e-10;4.33658e-10;
0.0037194;-1.58473e-10;3.87052e-10;
0.0037214;-1.75333e-10;4.28231e-10;
0.0037234;-1.60573e-10;3.9218e-10;
0.0037254;-1.73348e-10;4.23383e-10;
0.0037274;-1.62448e-10;3.96761e-10;
0.0037294;-1.71575e-10;4.19053e-10;
0.0037314;-1.64123e-10;4.00853e-10;
0.0037334;-1.69992e-10;4.15186e-10;
0.0037354;-1.6562e-10;4.04508e-10;
0.0037374;-1.68578e-10;4.11732e-10;
0.0037394;-1.66956e-10;4.07772e-10;
0.0037414;-1.67315e-10;4.08647e-10;
0.0037434;-1.6815e-10;4.10687e-10;
0.0037454;-1.66186e-10;4.05891e-10;
0.0037474;-1.69216e-10;4.13291e-10;
0.0037494;-1.65179e-10;4.03431e-10;
0.0037514;-1.70168e-10;4.15616e-10;
0.0037534;-1.64279e-10;4.01233e-10;
0.0037554;-1.71018e-10;4.17693e-10;
0.0037574;-1.63475e-10;3.9927e-10;
0.0037594;-1.71778e-10;4.19548e-10;
0.0037614;-1.62758e-10;3.97518e-10;
0.0037634;-1.72456e-10;4.21204e-10;
0.0037654;-1.62117e-10;3.95952e-10;
0.0037674;-1.73061e-10;4.22683e-10;
0.0037694;-1.61545e-10;3.94555e-10;
0.0037714;-1.73602e-10;4.24004e-10;
0.0037734;-1.61037e-10;3.93315e-10;
0.0037754;-1.74083e-10;4.25177e-10;
0.0037774;-1.6058e-10;3.92199e-10;
0.0037794;-1.74513e-10;4.26229e-10;
0.0037814;-1.60173e-10;3.91203e-10;
0.0037834;-1.74898e-10;4.2717e-10;
0.0037854;-1.59809e-10;3.90315e-10;
0.0037874;-1.75242e-10;4.28009e-10;
0.0037894;-1.59484e-10;3.89521e-10;
0.0037914;-1.75549e-10;4.28759e-10;
0.0037934;-1.59194e-10;3.88813e-10;
0.0037954;-1.75823e-10;4.29428e-10;
0.0037974;-1.58935e-10;3.88181e-10;
0.0037994;-1.76067e-10;4.30025e-10;
0.0038014;-1.58704e-10;3.87617e-10;
0.0038034;-1.76286e-10;4.30558e-10;
0.0038054;-1.58498e-10;3.87114e-10;
0.0038074;-1.7648e-10;4.31033e-10;
0.0038094;-1.58314e-10;3.86665e-10;
0.0038114;-1.76654e-10;4.31457e-10;
0.0038134;-1.5815e-10;3.86264e-10;
0.0038154;-1.76809e-10;4.31836e-10;
0.0038174;-1.58004e-10;3.85907e-10;
0.0038194;-1.76947e-10;4.32173e-10;
0.0038214;-1.57874e-10;3.85589e-10;
0.0038234;-1.7707e-10;4.32474e-10;
0.0038254;-1.57757e-10;3.85305e-10;
0.0038274;-1.7718e-10;4.32742e-10;
0.0038294;-1.57654e-10;3.85051e-10;
0.0038314;-1.77278e-10;4.32981e-10;
0.0038334;-1.57561e-10;3.84826e-10;
0.0038354;-1.77365e-10;4.33194e-10;
0.0038374;-1.57479e-10;3.84625e-10;
0.0038394;-1.77443e-10;4.33384e-10;
0.0038414;-1.57406e-10;3.84446e-10;
0.0038434;-1.77512e-10;4.33553e-10;
0.0038454;-1.57341e-10;3.84287e-10;
0.0038474;-1.77573e-10;4.33703e-10;
0.0038494;-1.57283e-10;3.84145e-10;
0.0038514;-1.77628e-10;4.33836e-10;
0.0038534;-1.57231e-10;3.84019e-10;
0.0038554;-1.77677e-10;4.33955e-10;
0.0038574;-1.57185e-10;3.83907e-10;
0.0038594;-1.7772e-10;4.34061e-10;
0.0038614;-1.57144e-10;3.83807e-10;
0.0038634;-1.77758e-10;4.34155e-10;
0.0038654;-1.57108e-10;3.83719e-10;
0.0038674;-1.77792e-10;4.34238e-10;
0.0038694;-1.57076e-10;3.83641e-10;
0.0038714;-1.77823e-10;4.34312e-10;
0.0038734;-1.57048e-10;3.83571e-10;
0.0038754;-1.77849e-10;4.34377e-10;
0.0038774;-1.57023e-10;3.8351e-10;
0.0038794;-1.77873e-10;4.34435e-10;
0.0038814;-1.57e-10;3.83455e-10;
0.0038834;-1.77894e-10;4.34486e-10;
0.0038854;-1.56981e-10;3.83408e-10;
0.0038874;-1.77912e-10;4.34531e-10;
0.0038894;-1.56963e-10;3.83365e-10;
0.0038914;-1.77929e-10;4.34571e-10;
0.0038934;-1.56948e-10;3.83328e-10;
0.0038954;-1.77943e-10;4.34605e-10;
0.0038974;-1.56935e-10;3.83295e-10;
0.0038994;-1.77955e-10;4.34636e-10;
0.0039014;-1.56923e-10;3.83267e-10;
0.0039034;-1.77966e-10;4.34663e-10;
0.0039054;-1.56913e-10;3.83242e-10;
0.0039074;-1.77976e-10;4.34686e-10;
0.0039094;-1.56904e-10;3.8322e-10;
0.0039114;-1.77984e-10;4.34707e-10;
0.0039134;-1.56896e-10;3.83201e-10;
0.0039154;-1.77992e-10;4.34724e-10;
0.0039174;-1.56889e-10;3.83185e-10;
0.0039194;-1.77998e-10;4.34739e-10;
0.0039214;-1.56884e-10;3.83171e-10;
0.0039234;-1.78003e-10;4.34752e-10;
0.0039254;-1.56879e-10;3.83159e-10;
0.0039274;-1.78008e-10;4.34763e-10;
0.0039294;-1.56875e-10;3.83148e-10;
0.0039314;-1.78011e-10;4.34773e-10;
0.0039334;-1.56871e-10;3.8314e-10;
0.0039354;-1.78015e-10;4.3478e-10;
0.0039374;-1.56868e-10;3.83133e-10;
0.0039394;-1.78017e-10;4.34787e-10;
0.0039414;-1.56866e-10;3.83127e-10;
0.0039434;-1.78019e-10;4.34792e-10;
0.0039454;-1.56864e-10;3.83123e-10;
0.0039474;-1.78021e-10;4.34796e-10;
0.0039494;-1.56863e-10;3.83119e-10;
0.0039514;-1.78022e-10;4.34799e-10;
0.0039534;-1.56861e-10;3.83116e-10;
0.0039554;-1.78023e-10;4.34801e-10;
0.0039574;-1.56861e-10;3.83115e-10;
0.0039594;-1.78024e-10;4.34803e-10;
0.0039614;-1.5686e-10;3.83114e-10;
0.0039634;-1.78024e-10;4.34803e-10;
0.0039654;-1.5686e-10;3.83113e-10;
0.0039674;-1.78024e-10;4.34803e-10;
0.0039694;-1.5686e-10;3.83113e-10;
0.0039714;-1.78024e-10;4.34803e-10;
0.0039734;-1.56861e-10;3.83114e-10;
0.0039754;-1.78023e-10;4.34802e-10;
0.0039774;-1.56861e-10;3.83115e-10;
0.0039794;-1.78023e-10;4.348e-10;
0.0039814;-1.56862e-10;3.83117e-10;
0.0039834;-1.78022e-10;4.34799e-10;
0.0039854;-1.56863e-10;3.83119e-10;
0.0039874;-1.78021e-10;4.34796e-10;
0.0039894;-1.56864e-10;3.83121e-10;
0.0039914;-1.7802e-10;4.34794e-10;
0.0039934;-1.56865e-10;3.83124e-10;
0.0039954;-1.78019e-10;4.34791e-10;
0.0039974;-1.56866e-10;3.83127e-10;
0.0039994;-1.78018e-10;4.34788e-10;
0.004;-1.56869e-10;3.83134e-10;
