time;I(D7);P(QU1);
0;-1.12038e-11;2.37704e-10;
2e-08;-1.12868e-11;2.37704e-10;
4e-08;-1.12868e-11;2.37705e-10;
8e-08;-1.12868e-11;2.37704e-10;
1.6e-07;-1.12868e-11;2.37705e-10;
3.2e-07;-1.12868e-11;2.37705e-10;
6.4e-07;-1.12868e-11;2.37706e-10;
1.28e-06;-1.12868e-11;2.37707e-10;
2.56e-06;-1.12868e-11;2.3771e-10;
4.56e-06;-1.12868e-11;2.37715e-10;
6.56e-06;-1.12868e-11;2.37719e-10;
8.56e-06;-1.12868e-11;2.37723e-10;
1.056e-05;-1.12868e-11;2.37727e-10;
1.256e-05;-1.12868e-11;2.37731e-10;
1.456e-05;-1.12868e-11;2.37734e-10;
1.656e-05;-1.12868e-11;2.37738e-10;
1.856e-05;-1.12868e-11;2.37741e-10;
2.056e-05;-1.12868e-11;2.37745e-10;
2.256e-05;-1.12868e-11;2.37748e-10;
2.456e-05;-1.12868e-11;2.37751e-10;
2.656e-05;-1.12868e-11;2.37755e-10;
2.856e-05;-1.12868e-11;2.37758e-10;
3.056e-05;-1.12868e-11;2.37761e-10;
3.256e-05;-1.12868e-11;2.37764e-10;
3.456e-05;-1.12868e-11;2.37767e-10;
3.656e-05;-1.12868e-11;2.3777e-10;
3.856e-05;-1.12868e-11;2.37773e-10;
4.056e-05;-1.12868e-11;2.37775e-10;
4.256e-05;-1.12868e-11;2.37778e-10;
4.456e-05;-1.12868e-11;2.37781e-10;
4.656e-05;-1.12868e-11;2.37784e-10;
4.856e-05;-1.12868e-11;2.37786e-10;
5e-05;-1.12868e-11;2.37788e-10;
5.02e-05;-1.12868e-11;2.37788e-10;
5.06e-05;-1.12868e-11;2.37788e-10;
5.14e-05;-1.12868e-11;2.37788e-10;
5.3e-05;-1.12868e-11;2.37788e-10;
5.5e-05;-1.12868e-11;2.37788e-10;
5.7e-05;-1.12868e-11;2.37788e-10;
5.9e-05;-1.12868e-11;2.37788e-10;
6.1e-05;-1.12868e-11;2.37788e-10;
6.3e-05;-1.12868e-11;2.37788e-10;
6.5e-05;-1.12868e-11;2.37788e-10;
6.7e-05;-1.12868e-11;2.37788e-10;
6.9e-05;-1.12868e-11;2.37788e-10;
7.1e-05;-1.12868e-11;2.37788e-10;
7.3e-05;-1.12868e-11;2.37788e-10;
7.5e-05;-1.12868e-11;2.37788e-10;
7.7e-05;-1.12868e-11;2.37788e-10;
7.9e-05;-1.12868e-11;2.37788e-10;
8.1e-05;-1.12868e-11;2.37788e-10;
8.3e-05;-1.12868e-11;2.37788e-10;
8.5e-05;-1.12868e-11;2.37788e-10;
8.7e-05;-1.12868e-11;2.37788e-10;
8.9e-05;-1.12868e-11;2.37788e-10;
9.1e-05;-1.12868e-11;2.37788e-10;
9.3e-05;-1.12868e-11;2.37788e-10;
9.5e-05;-1.12868e-11;2.37788e-10;
9.7e-05;-1.12868e-11;2.37788e-10;
9.9e-05;-1.12868e-11;2.37788e-10;
0.000101;-1.12868e-11;2.37788e-10;
0.000103;-1.12868e-11;2.37788e-10;
0.000105;-1.12868e-11;2.37788e-10;
0.000107;-1.12868e-11;2.37788e-10;
0.000109;-1.12868e-11;2.37788e-10;
0.000111;-1.12868e-11;2.37788e-10;
0.000113;-1.12868e-11;2.37788e-10;
0.000115;-1.12868e-11;2.37788e-10;
0.000117;-1.12868e-11;2.37788e-10;
0.000119;-1.12868e-11;2.37788e-10;
0.000121;-1.12868e-11;2.37788e-10;
0.000123;-1.12868e-11;2.37788e-10;
0.000125;-1.12868e-11;2.37788e-10;
0.0001252;-3.49601e-12;6.40557e-10;
0.0001256;-3.11288e-12;0.00205587;
0.0001264;-3.28268e-12;0.0119009;
0.000127;-3.63427e-12;0.0188661;
0.00012716;-4.22414e-12;0.0186633;
0.00012748;-5.38834e-09;0.0182612;
0.00012812;-0.0175936;0.156014;
0.000128849;-0.035778;0.00495371;
0.000129265;-3.68961e-12;0.00703538;
0.00012967;-3.2459e-12;0.00224488;
0.000130002;-3.49701e-12;0.00199558;
0.000130321;-3.96699e-12;0.00176076;
0.000130829;-6.45392e-07;0.00138178;
0.000131412;-0.00656219;0.00136229;
0.00013214;-4.31848e-05;0.0024477;
0.00013299;-0.000682171;0.00152361;
0.000134093;-0.00583715;0.00258459;
0.000135137;-0.000100709;0.00080682;
0.000136431;-0.00390118;0.00171804;
0.000138431;-0.000998245;0.00124337;
0.000140431;-0.00348609;0.00153683;
0.000142431;-0.00135042;0.00139396;
0.000144431;-0.00318505;0.00141375;
0.000146431;-0.00161108;0.00149758;
0.000148431;-0.00295833;0.0013287;
0.000150431;-0.00180917;0.00156908;
0.000152431;-0.00278517;0.0012701;
0.000154431;-0.00196051;0.00161689;
0.000156431;-0.00265251;0.00123177;
0.000158431;-0.00207654;0.00164718;
0.000160431;-0.00255063;0.00120818;
0.000162431;-0.00216547;0.00166457;
0.000164431;-0.00247278;0.00119559;
0.000166431;-0.00223325;0.00167224;
0.000168431;-0.00241357;0.00119119;
0.000170431;-0.00228456;0.00167278;
0.000172431;-0.00236891;0.00119281;
0.000174431;-0.00232303;0.00166812;
0.000176431;-0.00233562;0.0011988;
0.000178431;-0.00235159;0.0016597;
0.000180431;-0.00231039;0.00120762;
0.000182431;-0.00237349;0.00164931;
0.000184431;-0.00229188;0.00121847;
0.000186431;-0.00238882;0.00163704;
0.000188431;-0.00227911;0.00123084;
0.000190431;-0.00239916;0.00162363;
0.000192431;-0.00227067;0.00124409;
0.000194431;-0.00240576;0.00160967;
0.000196431;-0.00226548;0.00125772;
0.000198431;-0.00240958;0.00159557;
0.000200431;-0.00226268;0.00127138;
0.000202431;-0.00241136;0.00158163;
0.000204431;-0.00226165;0.00128483;
0.000206431;-0.00241163;0.00156806;
0.000208431;-0.00226189;0.00129788;
0.000210431;-0.00241084;0.00155499;
0.000212431;-0.00226313;0.00131046;
0.000214431;-0.00240912;0.00154245;
0.000216431;-0.00226505;0.00132246;
0.000218431;-0.00240705;0.00153048;
0.000220431;-0.00226716;0.00133382;
0.000222431;-0.0024047;0.00151934;
0.000224431;-0.00226962;0.00134452;
0.000226431;-0.00240209;0.00150888;
0.000228431;-0.00227226;0.00135456;
0.000230431;-0.00239936;0.00149909;
0.000232431;-0.00227497;0.00136394;
0.000234431;-0.00239661;0.00148996;
0.000236431;-0.00227769;0.00137268;
0.000238431;-0.00239388;0.00148147;
0.000240431;-0.00228034;0.00138081;
0.000242431;-0.00239123;0.0014736;
0.000244431;-0.00228291;0.00138836;
0.000246431;-0.00238868;0.0014663;
0.000248431;-0.00228537;0.00139535;
0.000250431;-0.00238626;0.00145955;
0.000252431;-0.00228771;0.00140182;
0.000254431;-0.00238395;0.00145331;
0.000256431;-0.00228991;0.00140781;
0.000258431;-0.00238179;0.00144755;
0.000260431;-0.00229199;0.00141333;
0.000262431;-0.00237975;0.00144224;
0.000264431;-0.00229394;0.00141843;
0.000266431;-0.00237784;0.00143734;
0.000268431;-0.00229575;0.00142314;
0.000270431;-0.00237606;0.00143282;
0.000272431;-0.00229745;0.00142747;
0.000274431;-0.0023744;0.00142867;
0.000276431;-0.00229903;0.00143147;
0.000278431;-0.00237285;0.00142484;
0.000280431;-0.00230049;0.00143515;
0.000282431;-0.00237141;0.00142132;
0.000284431;-0.00230186;0.00143853;
0.000286431;-0.00237008;0.00141808;
0.000288431;-0.00230312;0.00144164;
0.000290431;-0.00236885;0.0014151;
0.000292431;-0.00230429;0.00144451;
0.000294431;-0.0023677;0.00141237;
0.000296431;-0.00230537;0.00144714;
0.000298431;-0.00236664;0.00140985;
0.000300431;-0.00230637;0.00144956;
0.000302431;-0.00236566;0.00140754;
0.000304431;-0.00230724;0.00145176;
0.000306431;-0.00236485;0.00140547;
0.000308431;-0.00230801;0.00145376;
0.000310431;-0.00236408;0.00140355;
0.000312431;-0.00230874;0.00145561;
0.000314431;-0.00236335;0.00140178;
0.000316431;-0.00230943;0.00145732;
0.000318431;-0.00236266;0.00140015;
0.000320431;-0.00231008;0.00145889;
0.000322431;-0.00236201;0.00139865;
0.000324431;-0.00231072;0.00146035;
0.000326431;-0.00236134;0.00139724;
0.000328431;-0.00231132;0.00146169;
0.000330431;-0.00236078;0.00139598;
0.000332431;-0.00231183;0.00146291;
0.000334431;-0.00236026;0.00139482;
0.000336431;-0.00231232;0.00146402;
0.000338431;-0.00235978;0.00139376;
0.000340431;-0.00231278;0.00146504;
0.000342431;-0.00235932;0.00139279;
0.000344431;-0.00231322;0.00146598;
0.000346431;-0.0023589;0.0013919;
0.000348431;-0.00231366;0.00146684;
0.000350431;-0.0023585;0.00139108;
0.000352431;-0.00231409;0.00146762;
0.000354431;-0.00235812;0.00139035;
0.000356431;-0.00231432;0.00146833;
0.000358431;-0.00235775;0.00138965;
0.000360431;-0.00231466;0.001469;
0.000362431;-0.00235741;0.00138902;
0.000364431;-0.00231497;0.00146961;
0.000366431;-0.0023571;0.00138844;
0.000368431;-0.00231525;0.00147016;
0.000370431;-0.00235681;0.00138792;
0.000372431;-0.00231549;0.00147066;
0.000374431;-0.00235657;0.00138745;
0.000376431;-0.00231571;0.0014711;
0.000378431;-0.00235635;0.00138703;
0.000380431;-0.00231591;0.00147151;
0.000382431;-0.00235613;0.00138664;
0.000384431;-0.0023161;0.00147188;
0.000386431;-0.00235593;0.00138629;
0.000388431;-0.00231628;0.00147222;
0.000390431;-0.00235575;0.00138597;
0.000392431;-0.00231645;0.00147252;
0.000394431;-0.00235557;0.00138568;
0.000396431;-0.0023166;0.0014728;
0.000398431;-0.00235541;0.00138542;
0.000400431;-0.00231674;0.00147305;
0.000402431;-0.00235525;0.00138519;
0.000404431;-0.00231688;0.00147327;
0.000406431;-0.00235511;0.00138497;
0.000408431;-0.002317;0.00147347;
0.000410431;-0.00235497;0.00138478;
0.000412431;-0.00231712;0.00147365;
0.000414431;-0.00235485;0.00138461;
0.000416431;-0.00231722;0.00147382;
0.000418431;-0.00235473;0.00138446;
0.000420431;-0.00231733;0.00147396;
0.000422431;-0.00235462;0.00138432;
0.000424431;-0.00231742;0.00147409;
0.000426431;-0.00235451;0.0013842;
0.000428431;-0.00231751;0.0014742;
0.000430431;-0.00235441;0.0013841;
0.000432431;-0.00231759;0.0014743;
0.000434431;-0.00235432;0.00138401;
0.000436431;-0.00231766;0.00147439;
0.000438431;-0.00235423;0.00138393;
0.000440431;-0.00231773;0.00147446;
0.000442431;-0.00235415;0.00138386;
0.000444431;-0.0023178;0.00147452;
0.000446431;-0.00235407;0.0013838;
0.000448431;-0.00231786;0.00147458;
0.000450431;-0.002354;0.00138375;
0.000452431;-0.00231792;0.00147462;
0.000454431;-0.00235393;0.00138371;
0.000456431;-0.00231798;0.00147466;
0.000458431;-0.00235386;0.00138367;
0.000460431;-0.00231803;0.00147469;
0.000462431;-0.0023538;0.00138365;
0.000464431;-0.00231808;0.00147471;
0.000466431;-0.00235373;0.00138363;
0.000468431;-0.00231812;0.00147472;
0.000470431;-0.00235368;0.00138362;
0.000472431;-0.00231817;0.00147473;
0.000474431;-0.00235362;0.00138361;
0.000476431;-0.00231821;0.00147474;
0.000478431;-0.00235357;0.00138361;
0.000480431;-0.00231825;0.00147474;
0.000482431;-0.00235352;0.00138361;
0.000484431;-0.00231828;0.00147473;
0.000486431;-0.00235347;0.00138361;
0.000488431;-0.00231832;0.00147472;
0.000490431;-0.00235342;0.00138362;
0.000492431;-0.00231835;0.00147471;
0.000494431;-0.00235337;0.00138364;
0.000496431;-0.00231838;0.00147469;
0.000498431;-0.00235333;0.00138366;
0.0005;-0.00231841;0.00147467;
0.0005002;-0.0023321;0.00142938;
0.000500498;-0.00233285;0.00142836;
0.000500724;-0.00233177;0.00142956;
0.000500976;-0.00233084;0.0014284;
0.00050148;-0.00232945;0.00142927;
0.000502489;-0.00232602;0.00142826;
0.000504489;-0.00231982;0.00142877;
0.000506489;-0.00231315;0.00142767;
0.000508489;-0.00230684;0.00142812;
0.000510489;-0.00230006;0.00142707;
0.000512489;-0.00229362;0.00142746;
0.000514489;-0.00228671;0.00142645;
0.000516489;-0.00228009;0.00142679;
0.000518489;-0.00227296;0.00142582;
0.000520489;-0.00226602;0.0014261;
0.000522489;-0.00225863;0.00142516;
0.000524489;-0.00225151;0.00142539;
0.000526489;-0.00224398;0.00142449;
0.000528489;-0.00223665;0.00142466;
0.000530489;-0.0022289;0.00142379;
0.000532489;-0.0022213;0.00142392;
0.000534489;-0.00221326;0.00142307;
0.000536489;-0.00220533;0.00142315;
0.000538489;-0.00219695;0.00142232;
0.000540489;-0.00218859;0.00142235;
0.000542489;-0.00217976;0.00142153;
0.000544489;-0.00217088;0.00142151;
0.000546489;-0.00216146;0.00142069;
0.000548489;-0.00215188;0.00142061;
0.00055;-0.00214418;0.0014199;
0.0005502;-0.00214403;0.00141994;
0.0005506;-0.00214394;0.00141991;
0.0005514;-0.00214398;0.00141992;
0.000553;-0.00214393;0.00141992;
0.000555;-0.00214394;0.00141992;
0.000557;-0.0021439;0.00141992;
0.000559;-0.00214392;0.00141992;
0.000561;-0.00214389;0.00141992;
0.000563;-0.00214391;0.00141992;
0.000565;-0.00214389;0.00141992;
0.000567;-0.0021439;0.00141991;
0.000569;-0.00214389;0.00141992;
0.000571;-0.0021439;0.00141991;
0.000573;-0.00214389;0.00141992;
0.000575;-0.0021439;0.00141991;
0.000577;-0.00214389;0.00141992;
0.000579;-0.0021439;0.00141991;
0.000581;-0.00214389;0.00141992;
0.000583;-0.0021439;0.00141991;
0.000585;-0.00214389;0.00141992;
0.000587;-0.0021439;0.00141991;
0.000589;-0.00214389;0.00141992;
0.000591;-0.00214389;0.00141991;
0.000593;-0.00214389;0.00141992;
0.000595;-0.00214389;0.00141991;
0.000597;-0.00214389;0.00141992;
0.000599;-0.00214389;0.00141991;
0.000601;-0.0021439;0.00141992;
0.000603;-0.00214389;0.00141991;
0.000605;-0.0021439;0.00141992;
0.000607;-0.00214389;0.00141991;
0.000609;-0.0021439;0.00141992;
0.000611;-0.00214389;0.00141991;
0.000613;-0.0021439;0.00141992;
0.000615;-0.00214389;0.00141991;
0.000617;-0.0021439;0.00141992;
0.000619;-0.00214389;0.00141991;
0.000621;-0.0021439;0.00141992;
0.000623;-0.00214389;0.00141992;
0.000625;-0.0021439;0.00141992;
0.0006252;-0.00215009;0.001258;
0.0006256;-0.00214603;0.000914416;
0.0006264;-0.00205583;0.000284439;
0.000627;-0.000815632;0.00011656;
0.00062716;-0.00059258;5.91993e-05;
0.00062748;-0.000450106;9.35922e-06;
0.00062812;-0.000364639;2.20716e-07;
0.0006294;-0.000251443;6.00605e-10;
0.0006314;-0.000142049;4.87089e-11;
0.0006334;-8.3078e-05;8.97339e-11;
0.0006354;-5.09161e-05;1.44982e-10;
0.0006374;-3.29808e-05;2.12745e-10;
0.0006394;-2.26269e-05;2.24967e-10;
0.0006414;-1.6379e-05;2.23907e-10;
0.0006434;-1.24212e-05;2.25813e-10;
0.0006454;-9.79166e-06;2.24784e-10;
0.0006474;-7.96677e-06;2.2631e-10;
0.0006494;-6.65069e-06;2.25365e-10;
0.0006514;-5.66954e-06;2.26641e-10;
0.0006534;-4.91702e-06;2.25789e-10;
0.0006554;-4.32568e-06;2.2688e-10;
0.0006574;-3.8512e-06;2.26117e-10;
0.0006594;-3.46362e-06;2.27064e-10;
0.0006614;-3.14205e-06;2.26383e-10;
0.0006634;-2.87162e-06;2.27212e-10;
0.0006654;-2.64148e-06;2.26603e-10;
0.0006674;-2.44355e-06;2.27335e-10;
0.0006694;-2.27175e-06;2.2679e-10;
0.0006714;-2.12138e-06;2.27439e-10;
0.0006734;-1.98879e-06;2.26952e-10;
0.0006754;-1.87109e-06;2.2753e-10;
0.0006774;-1.76597e-06;2.27094e-10;
0.0006794;-1.67157e-06;2.2761e-10;
0.0006814;-1.58637e-06;2.27221e-10;
0.0006834;-1.50913e-06;2.27681e-10;
0.0006854;-1.43879e-06;2.27334e-10;
0.0006874;-1.3745e-06;2.27746e-10;
0.0006894;-1.31553e-06;2.27436e-10;
0.0006914;-1.26125e-06;2.27806e-10;
0.0006934;-1.21114e-06;2.27528e-10;
0.0006954;-1.16474e-06;2.27861e-10;
0.0006974;-1.12167e-06;2.27613e-10;
0.0006994;-1.08158e-06;2.27913e-10;
0.0007014;-1.04418e-06;2.27691e-10;
0.0007034;-1.00922e-06;2.27961e-10;
0.0007054;-9.76462e-07;2.27763e-10;
0.0007074;-9.45714e-07;2.28006e-10;
0.0007094;-9.16797e-07;2.2783e-10;
0.0007114;-8.89556e-07;2.28049e-10;
0.0007134;-8.6385e-07;2.27892e-10;
0.0007154;-8.39556e-07;2.2809e-10;
0.0007174;-8.16562e-07;2.2795e-10;
0.0007194;-7.94768e-07;2.28129e-10;
0.0007214;-7.74083e-07;2.28004e-10;
0.0007234;-7.54427e-07;2.28166e-10;
0.0007254;-7.35724e-07;2.28055e-10;
0.0007274;-7.17909e-07;2.28202e-10;
0.0007294;-7.00921e-07;2.28104e-10;
0.0007314;-6.84703e-07;2.28237e-10;
0.0007334;-6.69206e-07;2.28149e-10;
0.0007354;-6.54382e-07;2.2827e-10;
0.0007374;-6.40189e-07;2.28193e-10;
0.0007394;-6.26589e-07;2.28302e-10;
0.0007414;-6.13545e-07;2.28233e-10;
0.0007434;-6.01025e-07;2.28333e-10;
0.0007454;-5.88997e-07;2.28272e-10;
0.0007474;-5.77434e-07;2.28363e-10;
0.0007494;-5.66309e-07;2.2831e-10;
0.0007514;-5.55598e-07;2.28392e-10;
0.0007534;-5.45279e-07;2.28345e-10;
0.0007554;-5.3533e-07;2.2842e-10;
0.0007574;-5.25733e-07;2.28379e-10;
0.0007594;-5.1647e-07;2.28448e-10;
0.0007614;-5.07522e-07;2.28412e-10;
0.0007634;-4.98875e-07;2.28474e-10;
0.0007654;-4.90514e-07;2.28443e-10;
0.0007674;-4.82425e-07;2.285e-10;
0.0007694;-4.74595e-07;2.28473e-10;
0.0007714;-4.67012e-07;2.28526e-10;
0.0007734;-4.59664e-07;2.28502e-10;
0.0007754;-4.52541e-07;2.2855e-10;
0.0007774;-4.45633e-07;2.2853e-10;
0.0007794;-4.3893e-07;2.28574e-10;
0.0007814;-4.32423e-07;2.28557e-10;
0.0007834;-4.26104e-07;2.28598e-10;
0.0007854;-4.19965e-07;2.28583e-10;
0.0007874;-4.13998e-07;2.28621e-10;
0.0007894;-4.08197e-07;2.28608e-10;
0.0007914;-4.02554e-07;2.28643e-10;
0.0007934;-3.97064e-07;2.28633e-10;
0.0007954;-3.91719e-07;2.28665e-10;
0.0007974;-3.86515e-07;2.28657e-10;
0.0007994;-3.81446e-07;2.28686e-10;
0.0008014;-3.76507e-07;2.2868e-10;
0.0008034;-3.71693e-07;2.28707e-10;
0.0008054;-3.66999e-07;2.28702e-10;
0.0008074;-3.62421e-07;2.28727e-10;
0.0008094;-3.57954e-07;2.28724e-10;
0.0008114;-3.53596e-07;2.28747e-10;
0.0008134;-3.49341e-07;2.28745e-10;
0.0008154;-3.45186e-07;2.28767e-10;
0.0008174;-3.41128e-07;2.28765e-10;
0.0008194;-3.37164e-07;2.28786e-10;
0.0008214;-3.3329e-07;2.28785e-10;
0.0008234;-3.29503e-07;2.28805e-10;
0.0008254;-3.258e-07;2.28805e-10;
0.0008274;-3.22179e-07;2.28823e-10;
0.0008294;-3.18636e-07;2.28824e-10;
0.0008314;-3.1517e-07;2.28841e-10;
0.0008334;-3.11779e-07;2.28843e-10;
0.0008354;-3.08458e-07;2.28858e-10;
0.0008374;-3.05207e-07;2.28861e-10;
0.0008394;-3.02023e-07;2.28876e-10;
0.0008414;-2.98905e-07;2.28879e-10;
0.0008434;-2.9585e-07;2.28893e-10;
0.0008454;-2.92856e-07;2.28896e-10;
0.0008474;-2.89921e-07;2.28909e-10;
0.0008494;-2.87044e-07;2.28913e-10;
0.0008514;-2.84224e-07;2.28926e-10;
0.0008534;-2.81457e-07;2.2893e-10;
0.0008554;-2.78744e-07;2.28942e-10;
0.0008574;-2.76082e-07;2.28946e-10;
0.0008594;-2.7347e-07;2.28958e-10;
0.0008614;-2.70907e-07;2.28962e-10;
0.0008634;-2.68391e-07;2.28973e-10;
0.0008654;-2.65921e-07;2.28978e-10;
0.0008674;-2.63495e-07;2.28988e-10;
0.0008694;-2.61113e-07;2.28993e-10;
0.0008714;-2.58774e-07;2.29003e-10;
0.0008734;-2.56475e-07;2.29008e-10;
0.0008754;-2.54217e-07;2.29018e-10;
0.0008774;-2.51998e-07;2.29023e-10;
0.0008794;-2.49818e-07;2.29032e-10;
0.0008814;-2.47674e-07;2.29037e-10;
0.0008834;-2.45566e-07;2.29047e-10;
0.0008854;-2.43494e-07;2.29052e-10;
0.0008874;-2.41457e-07;2.29061e-10;
0.0008894;-2.39453e-07;2.29066e-10;
0.0008914;-2.37481e-07;2.29074e-10;
0.0008934;-2.35542e-07;2.2908e-10;
0.0008954;-2.33634e-07;2.29088e-10;
0.0008974;-2.31756e-07;2.29093e-10;
0.0008994;-2.29908e-07;2.29101e-10;
0.0009014;-2.28089e-07;2.29107e-10;
0.0009034;-2.26299e-07;2.29114e-10;
0.0009054;-2.24536e-07;2.2912e-10;
0.0009074;-2.228e-07;2.29127e-10;
0.0009094;-2.21091e-07;2.29133e-10;
0.0009114;-2.19408e-07;2.2914e-10;
0.0009134;-2.1775e-07;2.29145e-10;
0.0009154;-2.16116e-07;2.29153e-10;
0.0009174;-2.14507e-07;2.29158e-10;
0.0009194;-2.12921e-07;2.29165e-10;
0.0009214;-2.11359e-07;2.2917e-10;
0.0009234;-2.09819e-07;2.29177e-10;
0.0009254;-2.08302e-07;2.29183e-10;
0.0009274;-2.06806e-07;2.29189e-10;
0.0009294;-2.05331e-07;2.29195e-10;
0.0009314;-2.03877e-07;2.29201e-10;
0.0009334;-2.02443e-07;2.29206e-10;
0.0009354;-2.01029e-07;2.29213e-10;
0.0009374;-1.99635e-07;2.29218e-10;
0.0009394;-1.9826e-07;2.29224e-10;
0.0009414;-1.96903e-07;2.2923e-10;
0.0009434;-1.95565e-07;2.29236e-10;
0.0009454;-1.94245e-07;2.29241e-10;
0.0009474;-1.92943e-07;2.29247e-10;
0.0009494;-1.91657e-07;2.29252e-10;
0.0009514;-1.90389e-07;2.29258e-10;
0.0009534;-1.89137e-07;2.29263e-10;
0.0009554;-1.87902e-07;2.29269e-10;
0.0009574;-1.86682e-07;2.29274e-10;
0.0009594;-1.85478e-07;2.2928e-10;
0.0009614;-1.8429e-07;2.29285e-10;
0.0009634;-1.83116e-07;2.2929e-10;
0.0009654;-1.81957e-07;2.29295e-10;
0.0009674;-1.80813e-07;2.29301e-10;
0.0009694;-1.79683e-07;2.29306e-10;
0.0009714;-1.78567e-07;2.29311e-10;
0.0009734;-1.77465e-07;2.29316e-10;
0.0009754;-1.76376e-07;2.29321e-10;
0.0009774;-1.753e-07;2.29326e-10;
0.0009794;-1.74237e-07;2.29332e-10;
0.0009814;-1.73187e-07;2.29336e-10;
0.0009834;-1.7215e-07;2.29342e-10;
0.0009854;-1.71125e-07;2.29346e-10;
0.0009874;-1.70112e-07;2.29352e-10;
0.0009894;-1.69111e-07;2.29356e-10;
0.0009914;-1.68121e-07;2.29361e-10;
0.0009934;-1.67143e-07;2.29366e-10;
0.0009954;-1.66176e-07;2.29371e-10;
0.0009974;-1.65221e-07;2.29376e-10;
0.0009994;-1.64276e-07;2.29381e-10;
0.001;-1.63994e-07;2.29382e-10;
0.0010002;-1.63901e-07;2.29383e-10;
0.0010006;-1.63714e-07;2.29385e-10;
0.0010014;-1.63342e-07;2.29388e-10;
0.001003;-1.62602e-07;2.29396e-10;
0.001005;-1.61686e-07;2.29405e-10;
0.001007;-1.60781e-07;2.29414e-10;
0.001009;-1.59886e-07;2.29422e-10;
0.001011;-1.59001e-07;2.29431e-10;
0.001013;-1.58125e-07;2.29439e-10;
0.001015;-1.57259e-07;2.29447e-10;
0.001017;-1.56403e-07;2.29455e-10;
0.001019;-1.55555e-07;2.29463e-10;
0.001021;-1.54717e-07;2.29471e-10;
0.001023;-1.53888e-07;2.29479e-10;
0.001025;-1.53067e-07;2.29486e-10;
0.001027;-1.52255e-07;2.29494e-10;
0.001029;-1.51452e-07;2.29501e-10;
0.001031;-1.50657e-07;2.29509e-10;
0.001033;-1.4987e-07;2.29516e-10;
0.001035;-1.49092e-07;2.29523e-10;
0.001037;-1.48321e-07;2.2953e-10;
0.001039;-1.47559e-07;2.29537e-10;
0.001041;-1.46804e-07;2.29544e-10;
0.001043;-1.46057e-07;2.29551e-10;
0.001045;-1.45317e-07;2.29558e-10;
0.001047;-1.44585e-07;2.29565e-10;
0.001049;-1.4386e-07;2.29572e-10;
0.00105;-1.435e-07;2.29575e-10;
0.0010502;-1.43428e-07;2.29576e-10;
0.0010506;-1.43285e-07;2.29577e-10;
0.0010514;-1.42999e-07;2.29578e-10;
0.001053;-1.42431e-07;2.29582e-10;
0.001055;-1.41728e-07;2.29586e-10;
0.001057;-1.41031e-07;2.2959e-10;
0.001059;-1.40341e-07;2.29594e-10;
0.001061;-1.39658e-07;2.29598e-10;
0.001063;-1.38981e-07;2.29602e-10;
0.001065;-1.38311e-07;2.29606e-10;
0.001067;-1.37647e-07;2.2961e-10;
0.001069;-1.3699e-07;2.29614e-10;
0.001071;-1.36339e-07;2.29618e-10;
0.001073;-1.35694e-07;2.29622e-10;
0.001075;-1.35054e-07;2.29626e-10;
0.001077;-1.34421e-07;2.2963e-10;
0.001079;-1.33794e-07;2.29634e-10;
0.001081;-1.33173e-07;2.29637e-10;
0.001083;-1.32557e-07;2.29641e-10;
0.001085;-1.31947e-07;2.29645e-10;
0.001087;-1.31343e-07;2.29649e-10;
0.001089;-1.30744e-07;2.29653e-10;
0.001091;-1.3015e-07;2.29657e-10;
0.001093;-1.29562e-07;2.2966e-10;
0.001095;-1.28979e-07;2.29664e-10;
0.001097;-1.28402e-07;2.29668e-10;
0.001099;-1.27829e-07;2.29671e-10;
0.001101;-1.27261e-07;2.29675e-10;
0.001103;-1.26699e-07;2.29679e-10;
0.001105;-1.26141e-07;2.29683e-10;
0.001107;-1.25589e-07;2.29686e-10;
0.001109;-1.25041e-07;2.2969e-10;
0.001111;-1.24498e-07;2.29693e-10;
0.001113;-1.23959e-07;2.29697e-10;
0.001115;-1.23425e-07;2.29701e-10;
0.001117;-1.22896e-07;2.29704e-10;
0.001119;-1.22371e-07;2.29708e-10;
0.001121;-1.21851e-07;2.29711e-10;
0.001123;-1.21335e-07;2.29715e-10;
0.001125;-1.20823e-07;2.29718e-10;
0.0011252;-4.08556e-12;6.22451e-10;
0.0011256;-3.36373e-12;0.00201263;
0.0011264;-3.53355e-12;0.0116467;
0.001127;-7.74062e-11;0.0184501;
0.00112716;-7.80688e-09;0.0182473;
0.00112748;-8.31942e-05;0.0187212;
0.00112785;-0.0406297;0.303378;
0.00112831;-0.0334338;0.00475367;
0.00112854;-1.57169e-10;0.00852294;
0.00112879;-3.56358e-12;0.00149206;
0.00112899;-3.79901e-12;0.00134243;
0.00112918;-2.83613e-11;0.00120264;
0.0011295;-2.34863e-07;0.000967444;
0.00112995;-0.00434368;0.000805593;
0.00113049;-0.00126747;0.00250231;
0.0011312;-0.0027428;0.000529135;
0.00113237;-0.00219119;0.0025806;
0.00113419;-0.00235584;0.000487581;
0.00113619;-0.00240794;0.00254179;
0.00113819;-0.00219309;0.000492099;
0.00114019;-0.00253248;0.00248477;
0.00114219;-0.00210032;0.000521265;
0.00114419;-0.00259935;0.00241741;
0.00114619;-0.00205281;0.00056527;
0.00114819;-0.00263093;0.00234727;
0.00115019;-0.0020319;0.000616444;
0.00115219;-0.00264087;0.00227781;
0.00115419;-0.00202977;0.000670803;
0.00115619;-0.00263618;0.0022106;
0.00115819;-0.00203921;0.000725253;
0.00116019;-0.00262269;0.00214693;
0.00116219;-0.00205511;0.000778384;
0.00116419;-0.0026047;0.00208759;
0.00116619;-0.0020743;0.000828801;
0.00116819;-0.00258452;0.00203276;
0.00117019;-0.00209487;0.000876053;
0.00117219;-0.00256368;0.00198241;
0.00117419;-0.00211566;0.000919834;
0.00117619;-0.00254305;0.00193639;
0.00117819;-0.00213573;0.000960384;
0.00118019;-0.00252354;0.00189446;
0.00118219;-0.00215458;0.000997591;
0.00118419;-0.00250534;0.00185631;
0.00118619;-0.00217206;0.00103167;
0.00118819;-0.00248855;0.00182162;
0.00119019;-0.00218812;0.00106283;
0.00119219;-0.00247318;0.0017901;
0.00119419;-0.00220277;0.0010913;
0.00119619;-0.0024592;0.00176146;
0.00119819;-0.00221621;0.00111713;
0.00120019;-0.00244628;0.00173543;
0.00120219;-0.00222841;0.00114091;
0.00120419;-0.00243474;0.00171179;
0.00120619;-0.00223933;0.00116258;
0.00120819;-0.00242441;0.00169028;
0.00121019;-0.00224912;0.00118234;
0.00121219;-0.00241512;0.00167071;
0.00121419;-0.00225792;0.00120039;
0.00121619;-0.00240677;0.00165288;
0.00121819;-0.00226584;0.00121687;
0.00122019;-0.00239925;0.00163662;
0.00122219;-0.00227299;0.00123194;
0.00122419;-0.00239246;0.00162178;
0.00122619;-0.00227944;0.00124572;
0.00122819;-0.00238633;0.00160824;
0.00123019;-0.00228526;0.00125834;
0.00123219;-0.00238078;0.00159586;
0.00123419;-0.00229054;0.00126989;
0.00123619;-0.00237576;0.00158454;
0.00123819;-0.00229532;0.00128047;
0.00124019;-0.00237121;0.00157418;
0.00124219;-0.00229965;0.00129017;
0.00124419;-0.00236709;0.0015647;
0.00124619;-0.00230374;0.00129887;
0.00124819;-0.00236301;0.00155601;
0.00125019;-0.00230758;0.00130706;
0.00125219;-0.00235941;0.00154808;
0.00125419;-0.00231097;0.00131454;
0.00125619;-0.00235622;0.00154083;
0.00125819;-0.00231399;0.00132139;
0.00126019;-0.00235336;0.00153418;
0.00126219;-0.0023167;0.00132767;
0.00126419;-0.0023508;0.0015281;
0.00126619;-0.00231913;0.00133343;
0.00126819;-0.0023485;0.00152252;
0.00127019;-0.0023213;0.0013387;
0.00127219;-0.00234643;0.0015174;
0.00127419;-0.00232327;0.00134355;
0.00127619;-0.00234455;0.00151269;
0.00127819;-0.00232506;0.00134801;
0.00128019;-0.00234283;0.00150837;
0.00128219;-0.00232671;0.00135212;
0.00128419;-0.00234126;0.00150438;
0.00128619;-0.00232821;0.0013559;
0.00128819;-0.00233982;0.00150072;
0.00129019;-0.00232959;0.00135938;
0.00129219;-0.0023385;0.00149734;
0.00129419;-0.00233086;0.00136259;
0.00129619;-0.00233728;0.00149424;
0.00129819;-0.00233202;0.00136554;
0.00130019;-0.00233617;0.00149138;
0.00130219;-0.00233309;0.00136826;
0.00130419;-0.00233514;0.00148874;
0.00130619;-0.00233407;0.00137077;
0.00130819;-0.0023342;0.00148631;
0.00131019;-0.00233497;0.00137308;
0.00131219;-0.00233333;0.00148408;
0.00131419;-0.0023358;0.00137521;
0.00131619;-0.00233253;0.00148202;
0.00131819;-0.00233657;0.00137717;
0.00132019;-0.0023318;0.00148012;
0.00132219;-0.00233727;0.00137898;
0.00132419;-0.00233112;0.00147837;
0.00132619;-0.00233792;0.00138064;
0.00132819;-0.0023305;0.00147676;
0.00133019;-0.00233851;0.00138218;
0.00133219;-0.00232992;0.00147527;
0.00133419;-0.00233906;0.00138359;
0.00133619;-0.0023294;0.0014739;
0.00133819;-0.00233957;0.0013849;
0.00134019;-0.00232891;0.00147264;
0.00134219;-0.00234003;0.0013861;
0.00134419;-0.00232847;0.00147148;
0.00134619;-0.00234045;0.00138721;
0.00134819;-0.00232806;0.00147041;
0.00135019;-0.00234084;0.00138823;
0.00135219;-0.00232768;0.00146942;
0.00135419;-0.0023412;0.00138918;
0.00135619;-0.00232734;0.00146851;
0.00135819;-0.00234153;0.00139005;
0.00136019;-0.00232702;0.00146766;
0.00136219;-0.00234184;0.00139085;
0.00136419;-0.00232673;0.00146689;
0.00136619;-0.00234212;0.00139159;
0.00136819;-0.00232646;0.00146617;
0.00137019;-0.00234237;0.00139227;
0.00137219;-0.00232621;0.00146551;
0.00137419;-0.00234261;0.0013929;
0.00137619;-0.00232598;0.0014649;
0.00137819;-0.00234282;0.00139348;
0.00138019;-0.00232578;0.00146434;
0.00138219;-0.00234302;0.00139402;
0.00138419;-0.00232559;0.00146382;
0.00138619;-0.0023432;0.00139452;
0.00138819;-0.00232541;0.00146334;
0.00139019;-0.00234337;0.00139498;
0.00139219;-0.00232525;0.0014629;
0.00139419;-0.00234352;0.0013954;
0.00139619;-0.0023251;0.00146249;
0.00139819;-0.00234366;0.00139579;
0.00140019;-0.00232497;0.00146211;
0.00140219;-0.00234378;0.00139615;
0.00140419;-0.00232484;0.00146176;
0.00140619;-0.0023439;0.00139649;
0.00140819;-0.00232473;0.00146143;
0.00141019;-0.00234401;0.0013968;
0.00141219;-0.00232463;0.00146113;
0.00141419;-0.00234411;0.00139709;
0.00141619;-0.00232453;0.00146086;
0.00141819;-0.00234419;0.00139735;
0.00142019;-0.00232445;0.0014606;
0.00142219;-0.00234428;0.0013976;
0.00142419;-0.00232437;0.00146036;
0.00142619;-0.00234435;0.00139783;
0.00142819;-0.0023243;0.00146014;
0.00143019;-0.00234442;0.00139804;
0.00143219;-0.00232423;0.00145993;
0.00143419;-0.00234448;0.00139824;
0.00143619;-0.00232417;0.00145974;
0.00143819;-0.00234453;0.00139842;
0.00144019;-0.00232411;0.00145956;
0.00144219;-0.00234458;0.00139859;
0.00144419;-0.00232406;0.0014594;
0.00144619;-0.00234463;0.00139875;
0.00144819;-0.00232402;0.00145925;
0.00145019;-0.00234467;0.0013989;
0.00145219;-0.00232398;0.0014591;
0.00145419;-0.00234471;0.00139903;
0.00145619;-0.00232394;0.00145897;
0.00145819;-0.00234474;0.00139916;
0.00146019;-0.00232391;0.00145885;
0.00146219;-0.00234477;0.00139928;
0.00146419;-0.00232388;0.00145873;
0.00146619;-0.0023448;0.00139939;
0.00146819;-0.00232385;0.00145862;
0.00147019;-0.00234482;0.0013995;
0.00147219;-0.00232383;0.00145852;
0.00147419;-0.00234485;0.00139959;
0.00147619;-0.0023238;0.00145842;
0.00147819;-0.00234487;0.00139969;
0.00148019;-0.00232378;0.00145833;
0.00148219;-0.00234488;0.00139977;
0.00148419;-0.00232377;0.00145825;
0.00148619;-0.0023449;0.00139985;
0.00148819;-0.00232375;0.00145817;
0.00149019;-0.00234491;0.00139993;
0.00149219;-0.00232374;0.0014581;
0.00149419;-0.00234492;0.0014;
0.00149619;-0.00232372;0.00145803;
0.00149819;-0.00234493;0.00140007;
0.0015;-0.00232371;0.00145796;
0.0015002;-0.00233303;0.00142916;
0.0015006;-0.0023323;0.00142876;
0.00150089;-0.00233119;0.00142913;
0.00150121;-0.0023302;0.00142868;
0.00150184;-0.00232822;0.00142895;
0.0015031;-0.00232414;0.00142841;
0.0015051;-0.00231776;0.00142844;
0.0015071;-0.00231123;0.0014278;
0.0015091;-0.00230476;0.0014278;
0.0015111;-0.00229811;0.00142718;
0.0015131;-0.0022915;0.00142716;
0.0015151;-0.0022847;0.00142655;
0.0015171;-0.00227791;0.0014265;
0.0015191;-0.00227086;0.0014259;
0.0015211;-0.00226375;0.00142582;
0.0015231;-0.00225646;0.00142522;
0.0015251;-0.0022492;0.00142512;
0.0015271;-0.00224175;0.00142453;
0.0015291;-0.00223428;0.00142441;
0.0015311;-0.00222659;0.00142382;
0.0015331;-0.00221885;0.00142367;
0.0015351;-0.00221085;0.00142308;
0.0015371;-0.00220278;0.00142291;
0.0015391;-0.00219441;0.00142232;
0.0015411;-0.00218591;0.00142211;
0.0015431;-0.00217707;0.00142151;
0.0015451;-0.00216803;0.00142127;
0.0015471;-0.00215857;0.00142066;
0.0015491;-0.00214879;0.00142037;
0.00155;-0.00214421;0.00142;
0.0015502;-0.00214403;0.00141995;
0.0015506;-0.00214394;0.00141991;
0.0015514;-0.00214399;0.00141993;
0.001553;-0.00214393;0.00141991;
0.001555;-0.00214394;0.00141993;
0.001557;-0.0021439;0.00141991;
0.001559;-0.00214392;0.00141992;
0.001561;-0.00214389;0.00141991;
0.001563;-0.00214391;0.00141992;
0.001565;-0.00214389;0.00141991;
0.001567;-0.0021439;0.00141992;
0.001569;-0.00214389;0.00141992;
0.001571;-0.0021439;0.00141992;
0.001573;-0.00214389;0.00141992;
0.001575;-0.0021439;0.00141992;
0.001577;-0.00214389;0.00141992;
0.001579;-0.0021439;0.00141992;
0.001581;-0.00214389;0.00141992;
0.001583;-0.0021439;0.00141992;
0.001585;-0.00214389;0.00141992;
0.001587;-0.0021439;0.00141992;
0.001589;-0.00214389;0.00141992;
0.001591;-0.0021439;0.00141992;
0.001593;-0.00214389;0.00141992;
0.001595;-0.0021439;0.00141992;
0.001597;-0.00214389;0.00141992;
0.001599;-0.0021439;0.00141992;
0.001601;-0.00214389;0.00141992;
0.001603;-0.0021439;0.00141992;
0.001605;-0.00214389;0.00141992;
0.001607;-0.00214389;0.00141992;
0.001609;-0.00214389;0.00141992;
0.001611;-0.00214389;0.00141992;
0.001613;-0.00214389;0.00141992;
0.001615;-0.00214389;0.00141992;
0.001617;-0.00214389;0.00141992;
0.001619;-0.00214389;0.00141992;
0.001621;-0.00214389;0.00141992;
0.001623;-0.00214389;0.00141992;
0.001625;-0.00214389;0.00141992;
0.0016252;-0.00215009;0.001258;
0.0016256;-0.00214603;0.000914416;
0.0016264;-0.00205583;0.000284439;
0.001627;-0.000815632;0.00011656;
0.00162716;-0.00059258;5.91993e-05;
0.00162748;-0.000450106;9.35922e-06;
0.00162812;-0.000364639;2.20716e-07;
0.0016294;-0.000251443;6.00605e-10;
0.0016314;-0.000142049;4.87089e-11;
0.0016334;-8.3078e-05;8.97339e-11;
0.0016354;-5.09161e-05;1.44982e-10;
0.0016374;-3.29808e-05;2.12745e-10;
0.0016394;-2.26269e-05;2.24967e-10;
0.0016414;-1.6379e-05;2.23907e-10;
0.0016434;-1.24212e-05;2.25813e-10;
0.0016454;-9.79166e-06;2.24784e-10;
0.0016474;-7.96677e-06;2.2631e-10;
0.0016494;-6.65069e-06;2.25365e-10;
0.0016514;-5.66954e-06;2.26641e-10;
0.0016534;-4.91702e-06;2.25789e-10;
0.0016554;-4.32568e-06;2.2688e-10;
0.0016574;-3.8512e-06;2.26117e-10;
0.0016594;-3.46362e-06;2.27064e-10;
0.0016614;-3.14205e-06;2.26383e-10;
0.0016634;-2.87162e-06;2.27212e-10;
0.0016654;-2.64148e-06;2.26603e-10;
0.0016674;-2.44355e-06;2.27335e-10;
0.0016694;-2.27175e-06;2.2679e-10;
0.0016714;-2.12138e-06;2.27439e-10;
0.0016734;-1.98879e-06;2.26952e-10;
0.0016754;-1.87109e-06;2.2753e-10;
0.0016774;-1.76597e-06;2.27094e-10;
0.0016794;-1.67157e-06;2.2761e-10;
0.0016814;-1.58637e-06;2.27221e-10;
0.0016834;-1.50913e-06;2.27681e-10;
0.0016854;-1.43879e-06;2.27334e-10;
0.0016874;-1.3745e-06;2.27746e-10;
0.0016894;-1.31553e-06;2.27436e-10;
0.0016914;-1.26125e-06;2.27806e-10;
0.0016934;-1.21114e-06;2.27528e-10;
0.0016954;-1.16474e-06;2.27861e-10;
0.0016974;-1.12167e-06;2.27613e-10;
0.0016994;-1.08158e-06;2.27913e-10;
0.0017014;-1.04418e-06;2.27691e-10;
0.0017034;-1.00922e-06;2.27961e-10;
0.0017054;-9.76462e-07;2.27763e-10;
0.0017074;-9.45714e-07;2.28006e-10;
0.0017094;-9.16797e-07;2.2783e-10;
0.0017114;-8.89556e-07;2.28049e-10;
0.0017134;-8.6385e-07;2.27892e-10;
0.0017154;-8.39556e-07;2.2809e-10;
0.0017174;-8.16562e-07;2.2795e-10;
0.0017194;-7.94768e-07;2.28129e-10;
0.0017214;-7.74083e-07;2.28004e-10;
0.0017234;-7.54427e-07;2.28166e-10;
0.0017254;-7.35724e-07;2.28055e-10;
0.0017274;-7.17909e-07;2.28202e-10;
0.0017294;-7.00921e-07;2.28104e-10;
0.0017314;-6.84703e-07;2.28237e-10;
0.0017334;-6.69206e-07;2.28149e-10;
0.0017354;-6.54382e-07;2.2827e-10;
0.0017374;-6.40189e-07;2.28192e-10;
0.0017394;-6.26589e-07;2.28302e-10;
0.0017414;-6.13545e-07;2.28233e-10;
0.0017434;-6.01025e-07;2.28333e-10;
0.0017454;-5.88997e-07;2.28272e-10;
0.0017474;-5.77434e-07;2.28363e-10;
0.0017494;-5.66309e-07;2.2831e-10;
0.0017514;-5.55598e-07;2.28392e-10;
0.0017534;-5.45279e-07;2.28345e-10;
0.0017554;-5.3533e-07;2.2842e-10;
0.0017574;-5.25733e-07;2.28379e-10;
0.0017594;-5.1647e-07;2.28448e-10;
0.0017614;-5.07522e-07;2.28412e-10;
0.0017634;-4.98875e-07;2.28474e-10;
0.0017654;-4.90514e-07;2.28443e-10;
0.0017674;-4.82425e-07;2.285e-10;
0.0017694;-4.74595e-07;2.28473e-10;
0.0017714;-4.67012e-07;2.28526e-10;
0.0017734;-4.59664e-07;2.28502e-10;
0.0017754;-4.52541e-07;2.2855e-10;
0.0017774;-4.45633e-07;2.2853e-10;
0.0017794;-4.3893e-07;2.28574e-10;
0.0017814;-4.32423e-07;2.28557e-10;
0.0017834;-4.26104e-07;2.28598e-10;
0.0017854;-4.19965e-07;2.28583e-10;
0.0017874;-4.13998e-07;2.28621e-10;
0.0017894;-4.08197e-07;2.28608e-10;
0.0017914;-4.02554e-07;2.28643e-10;
0.0017934;-3.97064e-07;2.28633e-10;
0.0017954;-3.91719e-07;2.28665e-10;
0.0017974;-3.86515e-07;2.28657e-10;
0.0017994;-3.81446e-07;2.28686e-10;
0.0018014;-3.76507e-07;2.2868e-10;
0.0018034;-3.71693e-07;2.28707e-10;
0.0018054;-3.66999e-07;2.28702e-10;
0.0018074;-3.62421e-07;2.28727e-10;
0.0018094;-3.57954e-07;2.28724e-10;
0.0018114;-3.53596e-07;2.28747e-10;
0.0018134;-3.49341e-07;2.28745e-10;
0.0018154;-3.45186e-07;2.28767e-10;
0.0018174;-3.41128e-07;2.28765e-10;
0.0018194;-3.37164e-07;2.28786e-10;
0.0018214;-3.3329e-07;2.28785e-10;
0.0018234;-3.29503e-07;2.28805e-10;
0.0018254;-3.258e-07;2.28805e-10;
0.0018274;-3.22179e-07;2.28823e-10;
0.0018294;-3.18636e-07;2.28824e-10;
0.0018314;-3.1517e-07;2.28841e-10;
0.0018334;-3.11779e-07;2.28843e-10;
0.0018354;-3.08458e-07;2.28858e-10;
0.0018374;-3.05207e-07;2.28861e-10;
0.0018394;-3.02023e-07;2.28876e-10;
0.0018414;-2.98905e-07;2.28879e-10;
0.0018434;-2.9585e-07;2.28893e-10;
0.0018454;-2.92856e-07;2.28896e-10;
0.0018474;-2.89921e-07;2.28909e-10;
0.0018494;-2.87044e-07;2.28913e-10;
0.0018514;-2.84224e-07;2.28926e-10;
0.0018534;-2.81457e-07;2.2893e-10;
0.0018554;-2.78744e-07;2.28942e-10;
0.0018574;-2.76082e-07;2.28946e-10;
0.0018594;-2.7347e-07;2.28958e-10;
0.0018614;-2.70907e-07;2.28962e-10;
0.0018634;-2.68391e-07;2.28973e-10;
0.0018654;-2.65921e-07;2.28978e-10;
0.0018674;-2.63495e-07;2.28988e-10;
0.0018694;-2.61113e-07;2.28993e-10;
0.0018714;-2.58774e-07;2.29003e-10;
0.0018734;-2.56475e-07;2.29008e-10;
0.0018754;-2.54217e-07;2.29018e-10;
0.0018774;-2.51998e-07;2.29023e-10;
0.0018794;-2.49818e-07;2.29032e-10;
0.0018814;-2.47674e-07;2.29037e-10;
0.0018834;-2.45566e-07;2.29047e-10;
0.0018854;-2.43494e-07;2.29052e-10;
0.0018874;-2.41457e-07;2.29061e-10;
0.0018894;-2.39453e-07;2.29066e-10;
0.0018914;-2.37481e-07;2.29074e-10;
0.0018934;-2.35542e-07;2.2908e-10;
0.0018954;-2.33634e-07;2.29088e-10;
0.0018974;-2.31756e-07;2.29093e-10;
0.0018994;-2.29908e-07;2.29101e-10;
0.0019014;-2.28089e-07;2.29107e-10;
0.0019034;-2.26299e-07;2.29114e-10;
0.0019054;-2.24536e-07;2.2912e-10;
0.0019074;-2.228e-07;2.29127e-10;
0.0019094;-2.21091e-07;2.29133e-10;
0.0019114;-2.19408e-07;2.2914e-10;
0.0019134;-2.1775e-07;2.29145e-10;
0.0019154;-2.16116e-07;2.29153e-10;
0.0019174;-2.14507e-07;2.29158e-10;
0.0019194;-2.12921e-07;2.29165e-10;
0.0019214;-2.11359e-07;2.2917e-10;
0.0019234;-2.09819e-07;2.29177e-10;
0.0019254;-2.08302e-07;2.29183e-10;
0.0019274;-2.06806e-07;2.29189e-10;
0.0019294;-2.05331e-07;2.29195e-10;
0.0019314;-2.03877e-07;2.29201e-10;
0.0019334;-2.02443e-07;2.29206e-10;
0.0019354;-2.01029e-07;2.29213e-10;
0.0019374;-1.99635e-07;2.29218e-10;
0.0019394;-1.9826e-07;2.29224e-10;
0.0019414;-1.96903e-07;2.2923e-10;
0.0019434;-1.95565e-07;2.29236e-10;
0.0019454;-1.94245e-07;2.29241e-10;
0.0019474;-1.92943e-07;2.29247e-10;
0.0019494;-1.91657e-07;2.29252e-10;
0.0019514;-1.90389e-07;2.29258e-10;
0.0019534;-1.89137e-07;2.29263e-10;
0.0019554;-1.87902e-07;2.29269e-10;
0.0019574;-1.86682e-07;2.29274e-10;
0.0019594;-1.85478e-07;2.2928e-10;
0.0019614;-1.8429e-07;2.29285e-10;
0.0019634;-1.83116e-07;2.2929e-10;
0.0019654;-1.81957e-07;2.29295e-10;
0.0019674;-1.80813e-07;2.29301e-10;
0.0019694;-1.79683e-07;2.29306e-10;
0.0019714;-1.78567e-07;2.29311e-10;
0.0019734;-1.77465e-07;2.29316e-10;
0.0019754;-1.76376e-07;2.29321e-10;
0.0019774;-1.753e-07;2.29326e-10;
0.0019794;-1.74237e-07;2.29332e-10;
0.0019814;-1.73187e-07;2.29336e-10;
0.0019834;-1.7215e-07;2.29342e-10;
0.0019854;-1.71125e-07;2.29346e-10;
0.0019874;-1.70112e-07;2.29352e-10;
0.0019894;-1.69111e-07;2.29356e-10;
0.0019914;-1.68121e-07;2.29361e-10;
0.0019934;-1.67143e-07;2.29366e-10;
0.0019954;-1.66176e-07;2.29371e-10;
0.0019974;-1.65221e-07;2.29376e-10;
0.0019994;-1.64276e-07;2.29381e-10;
0.002;-1.63994e-07;2.29382e-10;
0.0020002;-1.63901e-07;2.29383e-10;
0.0020006;-1.63714e-07;2.29385e-10;
0.0020014;-1.63342e-07;2.29388e-10;
0.002003;-1.62602e-07;2.29396e-10;
0.002005;-1.61686e-07;2.29405e-10;
0.002007;-1.60781e-07;2.29414e-10;
0.002009;-1.59886e-07;2.29422e-10;
0.002011;-1.59001e-07;2.29431e-10;
0.002013;-1.58125e-07;2.29439e-10;
0.002015;-1.57259e-07;2.29447e-10;
0.002017;-1.56403e-07;2.29455e-10;
0.002019;-1.55555e-07;2.29463e-10;
0.002021;-1.54717e-07;2.29471e-10;
0.002023;-1.53888e-07;2.29479e-10;
0.002025;-1.53067e-07;2.29486e-10;
0.002027;-1.52255e-07;2.29494e-10;
0.002029;-1.51452e-07;2.29501e-10;
0.002031;-1.50657e-07;2.29509e-10;
0.002033;-1.4987e-07;2.29516e-10;
0.002035;-1.49092e-07;2.29523e-10;
0.002037;-1.48321e-07;2.2953e-10;
0.002039;-1.47559e-07;2.29537e-10;
0.002041;-1.46804e-07;2.29544e-10;
0.002043;-1.46057e-07;2.29551e-10;
0.002045;-1.45317e-07;2.29558e-10;
0.002047;-1.44585e-07;2.29565e-10;
0.002049;-1.4386e-07;2.29572e-10;
0.00205;-1.435e-07;2.29575e-10;
0.0020502;-1.43428e-07;2.29576e-10;
0.0020506;-1.43285e-07;2.29577e-10;
0.0020514;-1.42999e-07;2.29578e-10;
0.002053;-1.42431e-07;2.29582e-10;
0.002055;-1.41728e-07;2.29586e-10;
0.002057;-1.41031e-07;2.2959e-10;
0.002059;-1.40341e-07;2.29594e-10;
0.002061;-1.39658e-07;2.29598e-10;
0.002063;-1.38981e-07;2.29602e-10;
0.002065;-1.38311e-07;2.29606e-10;
0.002067;-1.37647e-07;2.2961e-10;
0.002069;-1.3699e-07;2.29614e-10;
0.002071;-1.36339e-07;2.29618e-10;
0.002073;-1.35694e-07;2.29622e-10;
0.002075;-1.35054e-07;2.29626e-10;
0.002077;-1.34421e-07;2.2963e-10;
0.002079;-1.33794e-07;2.29634e-10;
0.002081;-1.33173e-07;2.29637e-10;
0.002083;-1.32557e-07;2.29641e-10;
0.002085;-1.31947e-07;2.29645e-10;
0.002087;-1.31343e-07;2.29649e-10;
0.002089;-1.30744e-07;2.29653e-10;
0.002091;-1.3015e-07;2.29657e-10;
0.002093;-1.29562e-07;2.2966e-10;
0.002095;-1.28979e-07;2.29664e-10;
0.002097;-1.28402e-07;2.29668e-10;
0.002099;-1.27829e-07;2.29671e-10;
0.002101;-1.27261e-07;2.29675e-10;
0.002103;-1.26699e-07;2.29679e-10;
0.002105;-1.26141e-07;2.29683e-10;
0.002107;-1.25589e-07;2.29686e-10;
0.002109;-1.25041e-07;2.2969e-10;
0.002111;-1.24498e-07;2.29693e-10;
0.002113;-1.23959e-07;2.29697e-10;
0.002115;-1.23425e-07;2.29701e-10;
0.002117;-1.22896e-07;2.29704e-10;
0.002119;-1.22371e-07;2.29708e-10;
0.002121;-1.21851e-07;2.29711e-10;
0.002123;-1.21335e-07;2.29715e-10;
0.002125;-1.20823e-07;2.29718e-10;
0.0021252;-4.08556e-12;6.22451e-10;
0.0021256;-3.36372e-12;0.00201263;
0.0021264;-3.53351e-12;0.0116467;
0.002127;-7.74061e-11;0.0184501;
0.00212716;-7.80688e-09;0.0182473;
0.00212748;-8.31942e-05;0.0187212;
0.00212785;-0.0406297;0.303378;
0.00212831;-0.0334338;0.00475367;
0.00212854;-1.57169e-10;0.00852294;
0.00212879;-3.5635e-12;0.00149206;
0.00212899;-3.79911e-12;0.00134243;
0.00212918;-2.83614e-11;0.00120264;
0.0021295;-2.34863e-07;0.000967444;
0.00212995;-0.00434368;0.000805593;
0.00213049;-0.00126747;0.00250231;
0.0021312;-0.0027428;0.000529135;
0.00213237;-0.00219119;0.0025806;
0.00213419;-0.00235584;0.000487581;
0.00213619;-0.00240794;0.00254179;
0.00213819;-0.00219309;0.000492099;
0.00214019;-0.00253248;0.00248477;
0.00214219;-0.00210032;0.000521265;
0.00214419;-0.00259935;0.00241741;
0.00214619;-0.00205281;0.00056527;
0.00214819;-0.00263093;0.00234727;
0.00215019;-0.0020319;0.000616444;
0.00215219;-0.00264087;0.00227781;
0.00215419;-0.00202977;0.000670803;
0.00215619;-0.00263618;0.0022106;
0.00215819;-0.00203921;0.000725253;
0.00216019;-0.00262269;0.00214693;
0.00216219;-0.00205511;0.000778384;
0.00216419;-0.0026047;0.00208759;
0.00216619;-0.0020743;0.000828801;
0.00216819;-0.00258452;0.00203276;
0.00217019;-0.00209487;0.000876053;
0.00217219;-0.00256368;0.00198241;
0.00217419;-0.00211566;0.000919834;
0.00217619;-0.00254305;0.00193639;
0.00217819;-0.00213573;0.000960384;
0.00218019;-0.00252354;0.00189446;
0.00218219;-0.00215458;0.000997591;
0.00218419;-0.00250534;0.00185631;
0.00218619;-0.00217206;0.00103167;
0.00218819;-0.00248855;0.00182162;
0.00219019;-0.00218812;0.00106283;
0.00219219;-0.00247318;0.0017901;
0.00219419;-0.00220277;0.0010913;
0.00219619;-0.0024592;0.00176146;
0.00219819;-0.00221621;0.00111713;
0.00220019;-0.00244628;0.00173543;
0.00220219;-0.00222841;0.00114091;
0.00220419;-0.00243474;0.00171179;
0.00220619;-0.00223933;0.00116258;
0.00220819;-0.00242441;0.00169028;
0.00221019;-0.00224912;0.00118234;
0.00221219;-0.00241512;0.00167071;
0.00221419;-0.00225792;0.00120039;
0.00221619;-0.00240677;0.00165288;
0.00221819;-0.00226584;0.00121687;
0.00222019;-0.00239925;0.00163662;
0.00222219;-0.00227299;0.00123194;
0.00222419;-0.00239246;0.00162178;
0.00222619;-0.00227944;0.00124572;
0.00222819;-0.00238633;0.00160824;
0.00223019;-0.00228526;0.00125834;
0.00223219;-0.00238078;0.00159586;
0.00223419;-0.00229054;0.00126989;
0.00223619;-0.00237576;0.00158454;
0.00223819;-0.00229532;0.00128047;
0.00224019;-0.00237121;0.00157418;
0.00224219;-0.00229965;0.00129017;
0.00224419;-0.00236709;0.0015647;
0.00224619;-0.00230374;0.00129887;
0.00224819;-0.00236301;0.00155601;
0.00225019;-0.00230758;0.00130706;
0.00225219;-0.00235941;0.00154808;
0.00225419;-0.00231097;0.00131454;
0.00225619;-0.00235622;0.00154083;
0.00225819;-0.00231399;0.00132139;
0.00226019;-0.00235336;0.00153418;
0.00226219;-0.0023167;0.00132767;
0.00226419;-0.0023508;0.0015281;
0.00226619;-0.00231913;0.00133343;
0.00226819;-0.0023485;0.00152252;
0.00227019;-0.0023213;0.0013387;
0.00227219;-0.00234643;0.0015174;
0.00227419;-0.00232327;0.00134355;
0.00227619;-0.00234455;0.00151269;
0.00227819;-0.00232506;0.00134801;
0.00228019;-0.00234283;0.00150837;
0.00228219;-0.00232671;0.00135212;
0.00228419;-0.00234126;0.00150438;
0.00228619;-0.00232821;0.0013559;
0.00228819;-0.00233982;0.00150072;
0.00229019;-0.00232959;0.00135938;
0.00229219;-0.0023385;0.00149734;
0.00229419;-0.00233086;0.00136259;
0.00229619;-0.00233728;0.00149424;
0.00229819;-0.00233202;0.00136554;
0.00230019;-0.00233617;0.00149138;
0.00230219;-0.00233309;0.00136826;
0.00230419;-0.00233514;0.00148874;
0.00230619;-0.00233407;0.00137077;
0.00230819;-0.0023342;0.00148631;
0.00231019;-0.00233497;0.00137308;
0.00231219;-0.00233333;0.00148408;
0.00231419;-0.0023358;0.00137521;
0.00231619;-0.00233253;0.00148202;
0.00231819;-0.00233657;0.00137717;
0.00232019;-0.0023318;0.00148012;
0.00232219;-0.00233727;0.00137898;
0.00232419;-0.00233112;0.00147837;
0.00232619;-0.00233792;0.00138064;
0.00232819;-0.0023305;0.00147676;
0.00233019;-0.00233851;0.00138218;
0.00233219;-0.00232992;0.00147527;
0.00233419;-0.00233906;0.00138359;
0.00233619;-0.0023294;0.0014739;
0.00233819;-0.00233957;0.0013849;
0.00234019;-0.00232891;0.00147264;
0.00234219;-0.00234003;0.0013861;
0.00234419;-0.00232847;0.00147148;
0.00234619;-0.00234045;0.00138721;
0.00234819;-0.00232806;0.00147041;
0.00235019;-0.00234084;0.00138823;
0.00235219;-0.00232768;0.00146942;
0.00235419;-0.0023412;0.00138918;
0.00235619;-0.00232734;0.00146851;
0.00235819;-0.00234153;0.00139005;
0.00236019;-0.00232702;0.00146766;
0.00236219;-0.00234184;0.00139085;
0.00236419;-0.00232673;0.00146689;
0.00236619;-0.00234212;0.00139159;
0.00236819;-0.00232646;0.00146617;
0.00237019;-0.00234237;0.00139227;
0.00237219;-0.00232621;0.00146551;
0.00237419;-0.00234261;0.0013929;
0.00237619;-0.00232598;0.0014649;
0.00237819;-0.00234282;0.00139348;
0.00238019;-0.00232578;0.00146434;
0.00238219;-0.00234302;0.00139402;
0.00238419;-0.00232559;0.00146382;
0.00238619;-0.0023432;0.00139452;
0.00238819;-0.00232541;0.00146334;
0.00239019;-0.00234337;0.00139498;
0.00239219;-0.00232525;0.0014629;
0.00239419;-0.00234352;0.0013954;
0.00239619;-0.0023251;0.00146249;
0.00239819;-0.00234366;0.00139579;
0.00240019;-0.00232497;0.00146211;
0.00240219;-0.00234378;0.00139615;
0.00240419;-0.00232484;0.00146176;
0.00240619;-0.0023439;0.00139649;
0.00240819;-0.00232473;0.00146143;
0.00241019;-0.00234401;0.0013968;
0.00241219;-0.00232463;0.00146113;
0.00241419;-0.00234411;0.00139709;
0.00241619;-0.00232453;0.00146086;
0.00241819;-0.00234419;0.00139735;
0.00242019;-0.00232445;0.0014606;
0.00242219;-0.00234428;0.0013976;
0.00242419;-0.00232437;0.00146036;
0.00242619;-0.00234435;0.00139783;
0.00242819;-0.0023243;0.00146014;
0.00243019;-0.00234442;0.00139804;
0.00243219;-0.00232423;0.00145993;
0.00243419;-0.00234448;0.00139824;
0.00243619;-0.00232417;0.00145974;
0.00243819;-0.00234453;0.00139842;
0.00244019;-0.00232411;0.00145956;
0.00244219;-0.00234458;0.00139859;
0.00244419;-0.00232406;0.0014594;
0.00244619;-0.00234463;0.00139875;
0.00244819;-0.00232402;0.00145925;
0.00245019;-0.00234467;0.0013989;
0.00245219;-0.00232398;0.0014591;
0.00245419;-0.00234471;0.00139903;
0.00245619;-0.00232394;0.00145897;
0.00245819;-0.00234474;0.00139916;
0.00246019;-0.00232391;0.00145885;
0.00246219;-0.00234477;0.00139928;
0.00246419;-0.00232388;0.00145873;
0.00246619;-0.0023448;0.00139939;
0.00246819;-0.00232385;0.00145862;
0.00247019;-0.00234482;0.0013995;
0.00247219;-0.00232383;0.00145852;
0.00247419;-0.00234485;0.00139959;
0.00247619;-0.0023238;0.00145842;
0.00247819;-0.00234487;0.00139969;
0.00248019;-0.00232378;0.00145833;
0.00248219;-0.00234488;0.00139977;
0.00248419;-0.00232377;0.00145825;
0.00248619;-0.0023449;0.00139985;
0.00248819;-0.00232375;0.00145817;
0.00249019;-0.00234491;0.00139993;
0.00249219;-0.00232374;0.0014581;
0.00249419;-0.00234492;0.0014;
0.00249619;-0.00232372;0.00145803;
0.00249819;-0.00234493;0.00140007;
0.0025;-0.00232371;0.00145796;
0.0025002;-0.00233303;0.00142916;
0.0025006;-0.0023323;0.00142876;
0.00250089;-0.00233119;0.00142913;
0.00250121;-0.0023302;0.00142868;
0.00250184;-0.00232822;0.00142895;
0.0025031;-0.00232414;0.00142841;
0.0025051;-0.00231776;0.00142844;
0.0025071;-0.00231123;0.0014278;
0.0025091;-0.00230476;0.0014278;
0.0025111;-0.00229811;0.00142718;
0.0025131;-0.0022915;0.00142716;
0.0025151;-0.0022847;0.00142655;
0.0025171;-0.00227791;0.0014265;
0.0025191;-0.00227086;0.0014259;
0.0025211;-0.00226375;0.00142582;
0.0025231;-0.00225646;0.00142522;
0.0025251;-0.0022492;0.00142512;
0.0025271;-0.00224175;0.00142453;
0.0025291;-0.00223428;0.00142441;
0.0025311;-0.00222659;0.00142382;
0.0025331;-0.00221885;0.00142367;
0.0025351;-0.00221085;0.00142308;
0.0025371;-0.00220278;0.00142291;
0.0025391;-0.00219441;0.00142232;
0.0025411;-0.00218591;0.00142211;
0.0025431;-0.00217707;0.00142151;
0.0025451;-0.00216803;0.00142127;
0.0025471;-0.00215857;0.00142066;
0.0025491;-0.00214879;0.00142037;
0.00255;-0.00214421;0.00142;
0.0025502;-0.00214403;0.00141995;
0.0025506;-0.00214394;0.00141991;
0.0025514;-0.00214399;0.00141993;
0.002553;-0.00214393;0.00141991;
0.002555;-0.00214394;0.00141993;
0.002557;-0.0021439;0.00141991;
0.002559;-0.00214392;0.00141992;
0.002561;-0.00214389;0.00141991;
0.002563;-0.00214391;0.00141992;
0.002565;-0.00214389;0.00141991;
0.002567;-0.0021439;0.00141992;
0.002569;-0.00214389;0.00141992;
0.002571;-0.0021439;0.00141992;
0.002573;-0.00214389;0.00141992;
0.002575;-0.0021439;0.00141992;
0.002577;-0.00214389;0.00141992;
0.002579;-0.0021439;0.00141992;
0.002581;-0.00214389;0.00141992;
0.002583;-0.0021439;0.00141992;
0.002585;-0.00214389;0.00141992;
0.002587;-0.0021439;0.00141992;
0.002589;-0.00214389;0.00141992;
0.002591;-0.0021439;0.00141992;
0.002593;-0.00214389;0.00141992;
0.002595;-0.0021439;0.00141992;
0.002597;-0.00214389;0.00141992;
0.002599;-0.0021439;0.00141992;
0.002601;-0.00214389;0.00141992;
0.002603;-0.0021439;0.00141992;
0.002605;-0.00214389;0.00141992;
0.002607;-0.00214389;0.00141992;
0.002609;-0.00214389;0.00141992;
0.002611;-0.00214389;0.00141992;
0.002613;-0.00214389;0.00141992;
0.002615;-0.00214389;0.00141992;
0.002617;-0.00214389;0.00141992;
0.002619;-0.00214389;0.00141992;
0.002621;-0.00214389;0.00141992;
0.002623;-0.00214389;0.00141992;
0.002625;-0.00214389;0.00141992;
0.0026252;-0.00215009;0.001258;
0.0026256;-0.00214603;0.000914416;
0.0026264;-0.00205583;0.000284439;
0.002627;-0.000815632;0.00011656;
0.00262716;-0.00059258;5.91993e-05;
0.00262748;-0.000450106;9.35922e-06;
0.00262812;-0.000364639;2.20716e-07;
0.0026294;-0.000251443;6.00605e-10;
0.0026314;-0.000142049;4.87089e-11;
0.0026334;-8.3078e-05;8.97339e-11;
0.0026354;-5.09161e-05;1.44982e-10;
0.0026374;-3.29808e-05;2.12745e-10;
0.0026394;-2.26269e-05;2.24967e-10;
0.0026414;-1.6379e-05;2.23907e-10;
0.0026434;-1.24212e-05;2.25813e-10;
0.0026454;-9.79166e-06;2.24784e-10;
0.0026474;-7.96677e-06;2.2631e-10;
0.0026494;-6.65069e-06;2.25365e-10;
0.0026514;-5.66954e-06;2.26641e-10;
0.0026534;-4.91702e-06;2.25789e-10;
0.0026554;-4.32568e-06;2.2688e-10;
0.0026574;-3.8512e-06;2.26117e-10;
0.0026594;-3.46362e-06;2.27064e-10;
0.0026614;-3.14205e-06;2.26383e-10;
0.0026634;-2.87162e-06;2.27212e-10;
0.0026654;-2.64148e-06;2.26603e-10;
0.0026674;-2.44355e-06;2.27335e-10;
0.0026694;-2.27175e-06;2.2679e-10;
0.0026714;-2.12138e-06;2.27439e-10;
0.0026734;-1.98879e-06;2.26952e-10;
0.0026754;-1.87109e-06;2.2753e-10;
0.0026774;-1.76597e-06;2.27094e-10;
0.0026794;-1.67157e-06;2.2761e-10;
0.0026814;-1.58637e-06;2.27221e-10;
0.0026834;-1.50913e-06;2.27681e-10;
0.0026854;-1.43879e-06;2.27334e-10;
0.0026874;-1.3745e-06;2.27746e-10;
0.0026894;-1.31553e-06;2.27436e-10;
0.0026914;-1.26125e-06;2.27806e-10;
0.0026934;-1.21114e-06;2.27528e-10;
0.0026954;-1.16474e-06;2.27861e-10;
0.0026974;-1.12167e-06;2.27613e-10;
0.0026994;-1.08158e-06;2.27913e-10;
0.0027014;-1.04418e-06;2.27691e-10;
0.0027034;-1.00922e-06;2.27961e-10;
0.0027054;-9.76462e-07;2.27763e-10;
0.0027074;-9.45714e-07;2.28006e-10;
0.0027094;-9.16797e-07;2.2783e-10;
0.0027114;-8.89556e-07;2.28049e-10;
0.0027134;-8.6385e-07;2.27892e-10;
0.0027154;-8.39556e-07;2.2809e-10;
0.0027174;-8.16562e-07;2.2795e-10;
0.0027194;-7.94768e-07;2.28129e-10;
0.0027214;-7.74083e-07;2.28004e-10;
0.0027234;-7.54427e-07;2.28166e-10;
0.0027254;-7.35724e-07;2.28055e-10;
0.0027274;-7.17909e-07;2.28202e-10;
0.0027294;-7.00921e-07;2.28104e-10;
0.0027314;-6.84703e-07;2.28237e-10;
0.0027334;-6.69206e-07;2.28149e-10;
0.0027354;-6.54382e-07;2.2827e-10;
0.0027374;-6.40189e-07;2.28192e-10;
0.0027394;-6.26589e-07;2.28302e-10;
0.0027414;-6.13545e-07;2.28233e-10;
0.0027434;-6.01025e-07;2.28333e-10;
0.0027454;-5.88997e-07;2.28272e-10;
0.0027474;-5.77434e-07;2.28363e-10;
0.0027494;-5.66309e-07;2.2831e-10;
0.0027514;-5.55598e-07;2.28392e-10;
0.0027534;-5.45279e-07;2.28345e-10;
0.0027554;-5.3533e-07;2.2842e-10;
0.0027574;-5.25733e-07;2.28379e-10;
0.0027594;-5.1647e-07;2.28448e-10;
0.0027614;-5.07522e-07;2.28412e-10;
0.0027634;-4.98875e-07;2.28474e-10;
0.0027654;-4.90514e-07;2.28443e-10;
0.0027674;-4.82425e-07;2.285e-10;
0.0027694;-4.74595e-07;2.28473e-10;
0.0027714;-4.67012e-07;2.28526e-10;
0.0027734;-4.59664e-07;2.28502e-10;
0.0027754;-4.52541e-07;2.2855e-10;
0.0027774;-4.45633e-07;2.2853e-10;
0.0027794;-4.3893e-07;2.28574e-10;
0.0027814;-4.32423e-07;2.28557e-10;
0.0027834;-4.26104e-07;2.28598e-10;
0.0027854;-4.19965e-07;2.28583e-10;
0.0027874;-4.13998e-07;2.28621e-10;
0.0027894;-4.08197e-07;2.28608e-10;
0.0027914;-4.02554e-07;2.28643e-10;
0.0027934;-3.97064e-07;2.28633e-10;
0.0027954;-3.91719e-07;2.28665e-10;
0.0027974;-3.86515e-07;2.28657e-10;
0.0027994;-3.81446e-07;2.28686e-10;
0.0028014;-3.76507e-07;2.2868e-10;
0.0028034;-3.71693e-07;2.28707e-10;
0.0028054;-3.66999e-07;2.28702e-10;
0.0028074;-3.62421e-07;2.28727e-10;
0.0028094;-3.57954e-07;2.28724e-10;
0.0028114;-3.53596e-07;2.28747e-10;
0.0028134;-3.49341e-07;2.28745e-10;
0.0028154;-3.45186e-07;2.28767e-10;
0.0028174;-3.41128e-07;2.28765e-10;
0.0028194;-3.37164e-07;2.28786e-10;
0.0028214;-3.3329e-07;2.28785e-10;
0.0028234;-3.29503e-07;2.28805e-10;
0.0028254;-3.258e-07;2.28805e-10;
0.0028274;-3.22179e-07;2.28823e-10;
0.0028294;-3.18636e-07;2.28824e-10;
0.0028314;-3.1517e-07;2.28841e-10;
0.0028334;-3.11779e-07;2.28843e-10;
0.0028354;-3.08458e-07;2.28858e-10;
0.0028374;-3.05207e-07;2.28861e-10;
0.0028394;-3.02023e-07;2.28876e-10;
0.0028414;-2.98905e-07;2.28879e-10;
0.0028434;-2.9585e-07;2.28893e-10;
0.0028454;-2.92856e-07;2.28896e-10;
0.0028474;-2.89921e-07;2.28909e-10;
0.0028494;-2.87044e-07;2.28913e-10;
0.0028514;-2.84224e-07;2.28926e-10;
0.0028534;-2.81457e-07;2.2893e-10;
0.0028554;-2.78744e-07;2.28942e-10;
0.0028574;-2.76082e-07;2.28946e-10;
0.0028594;-2.7347e-07;2.28958e-10;
0.0028614;-2.70907e-07;2.28962e-10;
0.0028634;-2.68391e-07;2.28973e-10;
0.0028654;-2.65921e-07;2.28978e-10;
0.0028674;-2.63495e-07;2.28988e-10;
0.0028694;-2.61113e-07;2.28993e-10;
0.0028714;-2.58774e-07;2.29003e-10;
0.0028734;-2.56475e-07;2.29008e-10;
0.0028754;-2.54217e-07;2.29018e-10;
0.0028774;-2.51998e-07;2.29023e-10;
0.0028794;-2.49818e-07;2.29032e-10;
0.0028814;-2.47674e-07;2.29037e-10;
0.0028834;-2.45566e-07;2.29047e-10;
0.0028854;-2.43494e-07;2.29052e-10;
0.0028874;-2.41457e-07;2.29061e-10;
0.0028894;-2.39453e-07;2.29066e-10;
0.0028914;-2.37481e-07;2.29074e-10;
0.0028934;-2.35542e-07;2.2908e-10;
0.0028954;-2.33634e-07;2.29088e-10;
0.0028974;-2.31756e-07;2.29093e-10;
0.0028994;-2.29908e-07;2.29101e-10;
0.0029014;-2.28089e-07;2.29107e-10;
0.0029034;-2.26299e-07;2.29114e-10;
0.0029054;-2.24536e-07;2.2912e-10;
0.0029074;-2.228e-07;2.29127e-10;
0.0029094;-2.21091e-07;2.29133e-10;
0.0029114;-2.19408e-07;2.2914e-10;
0.0029134;-2.1775e-07;2.29145e-10;
0.0029154;-2.16116e-07;2.29153e-10;
0.0029174;-2.14507e-07;2.29158e-10;
0.0029194;-2.12921e-07;2.29165e-10;
0.0029214;-2.11359e-07;2.2917e-10;
0.0029234;-2.09819e-07;2.29177e-10;
0.0029254;-2.08302e-07;2.29183e-10;
0.0029274;-2.06806e-07;2.29189e-10;
0.0029294;-2.05331e-07;2.29195e-10;
0.0029314;-2.03877e-07;2.29201e-10;
0.0029334;-2.02443e-07;2.29206e-10;
0.0029354;-2.01029e-07;2.29213e-10;
0.0029374;-1.99635e-07;2.29218e-10;
0.0029394;-1.9826e-07;2.29224e-10;
0.0029414;-1.96903e-07;2.2923e-10;
0.0029434;-1.95565e-07;2.29236e-10;
0.0029454;-1.94245e-07;2.29241e-10;
0.0029474;-1.92943e-07;2.29247e-10;
0.0029494;-1.91657e-07;2.29252e-10;
0.0029514;-1.90389e-07;2.29258e-10;
0.0029534;-1.89137e-07;2.29263e-10;
0.0029554;-1.87902e-07;2.29269e-10;
0.0029574;-1.86682e-07;2.29274e-10;
0.0029594;-1.85478e-07;2.2928e-10;
0.0029614;-1.8429e-07;2.29285e-10;
0.0029634;-1.83116e-07;2.2929e-10;
0.0029654;-1.81957e-07;2.29295e-10;
0.0029674;-1.80813e-07;2.29301e-10;
0.0029694;-1.79683e-07;2.29306e-10;
0.0029714;-1.78567e-07;2.29311e-10;
0.0029734;-1.77465e-07;2.29316e-10;
0.0029754;-1.76376e-07;2.29321e-10;
0.0029774;-1.753e-07;2.29326e-10;
0.0029794;-1.74237e-07;2.29332e-10;
0.0029814;-1.73187e-07;2.29336e-10;
0.0029834;-1.7215e-07;2.29342e-10;
0.0029854;-1.71125e-07;2.29346e-10;
0.0029874;-1.70112e-07;2.29352e-10;
0.0029894;-1.69111e-07;2.29356e-10;
0.0029914;-1.68121e-07;2.29361e-10;
0.0029934;-1.67143e-07;2.29366e-10;
0.0029954;-1.66176e-07;2.29371e-10;
0.0029974;-1.65221e-07;2.29376e-10;
0.0029994;-1.64276e-07;2.29381e-10;
0.003;-1.63994e-07;2.29382e-10;
0.0030002;-1.63901e-07;2.29383e-10;
0.0030006;-1.63714e-07;2.29385e-10;
0.0030014;-1.63342e-07;2.29388e-10;
0.003003;-1.62602e-07;2.29396e-10;
0.003005;-1.61686e-07;2.29405e-10;
0.003007;-1.60781e-07;2.29414e-10;
0.003009;-1.59886e-07;2.29422e-10;
0.003011;-1.59001e-07;2.29431e-10;
0.003013;-1.58125e-07;2.29439e-10;
0.003015;-1.57259e-07;2.29447e-10;
0.003017;-1.56403e-07;2.29455e-10;
0.003019;-1.55555e-07;2.29463e-10;
0.003021;-1.54717e-07;2.29471e-10;
0.003023;-1.53888e-07;2.29479e-10;
0.003025;-1.53067e-07;2.29486e-10;
0.003027;-1.52255e-07;2.29494e-10;
0.003029;-1.51452e-07;2.29501e-10;
0.003031;-1.50657e-07;2.29509e-10;
0.003033;-1.4987e-07;2.29516e-10;
0.003035;-1.49092e-07;2.29523e-10;
0.003037;-1.48321e-07;2.2953e-10;
0.003039;-1.47559e-07;2.29537e-10;
0.003041;-1.46804e-07;2.29544e-10;
0.003043;-1.46057e-07;2.29551e-10;
0.003045;-1.45317e-07;2.29558e-10;
0.003047;-1.44585e-07;2.29565e-10;
0.003049;-1.4386e-07;2.29572e-10;
0.00305;-1.435e-07;2.29575e-10;
0.0030502;-1.43428e-07;2.29576e-10;
0.0030506;-1.43285e-07;2.29577e-10;
0.0030514;-1.42999e-07;2.29578e-10;
0.003053;-1.42431e-07;2.29582e-10;
0.003055;-1.41728e-07;2.29586e-10;
0.003057;-1.41031e-07;2.2959e-10;
0.003059;-1.40341e-07;2.29594e-10;
0.003061;-1.39658e-07;2.29598e-10;
0.003063;-1.38981e-07;2.29602e-10;
0.003065;-1.38311e-07;2.29606e-10;
0.003067;-1.37647e-07;2.2961e-10;
0.003069;-1.3699e-07;2.29614e-10;
0.003071;-1.36339e-07;2.29618e-10;
0.003073;-1.35694e-07;2.29622e-10;
0.003075;-1.35054e-07;2.29626e-10;
0.003077;-1.34421e-07;2.2963e-10;
0.003079;-1.33794e-07;2.29634e-10;
0.003081;-1.33173e-07;2.29637e-10;
0.003083;-1.32557e-07;2.29641e-10;
0.003085;-1.31947e-07;2.29645e-10;
0.003087;-1.31343e-07;2.29649e-10;
0.003089;-1.30744e-07;2.29653e-10;
0.003091;-1.3015e-07;2.29657e-10;
0.003093;-1.29562e-07;2.2966e-10;
0.003095;-1.28979e-07;2.29664e-10;
0.003097;-1.28402e-07;2.29668e-10;
0.003099;-1.27829e-07;2.29671e-10;
0.003101;-1.27261e-07;2.29675e-10;
0.003103;-1.26699e-07;2.29679e-10;
0.003105;-1.26141e-07;2.29683e-10;
0.003107;-1.25589e-07;2.29686e-10;
0.003109;-1.25041e-07;2.2969e-10;
0.003111;-1.24498e-07;2.29693e-10;
0.003113;-1.23959e-07;2.29697e-10;
0.003115;-1.23425e-07;2.29701e-10;
0.003117;-1.22896e-07;2.29704e-10;
0.003119;-1.22371e-07;2.29708e-10;
0.003121;-1.21851e-07;2.29711e-10;
0.003123;-1.21335e-07;2.29715e-10;
0.003125;-1.20823e-07;2.29718e-10;
0.0031252;-4.08556e-12;6.22451e-10;
0.0031256;-3.36372e-12;0.00201263;
0.0031264;-3.53351e-12;0.0116467;
0.003127;-7.74061e-11;0.0184501;
0.00312716;-7.80688e-09;0.0182473;
0.00312748;-8.31942e-05;0.0187212;
0.00312785;-0.0406297;0.303378;
0.00312831;-0.0334338;0.00475367;
0.00312854;-1.57169e-10;0.00852294;
0.00312879;-3.56355e-12;0.00149206;
0.00312899;-3.799e-12;0.00134243;
0.00312918;-2.83614e-11;0.00120264;
0.0031295;-2.34863e-07;0.000967444;
0.00312995;-0.00434368;0.000805593;
0.00313049;-0.00126747;0.00250231;
0.0031312;-0.0027428;0.000529135;
0.00313237;-0.00219119;0.0025806;
0.00313419;-0.00235584;0.000487581;
0.00313619;-0.00240794;0.00254179;
0.00313819;-0.00219309;0.000492099;
0.00314019;-0.00253248;0.00248477;
0.00314219;-0.00210032;0.000521265;
0.00314419;-0.00259935;0.00241741;
0.00314619;-0.00205281;0.00056527;
0.00314819;-0.00263093;0.00234727;
0.00315019;-0.0020319;0.000616444;
0.00315219;-0.00264087;0.00227781;
0.00315419;-0.00202977;0.000670803;
0.00315619;-0.00263618;0.0022106;
0.00315819;-0.00203921;0.000725253;
0.00316019;-0.00262269;0.00214693;
0.00316219;-0.00205511;0.000778384;
0.00316419;-0.0026047;0.00208759;
0.00316619;-0.0020743;0.000828801;
0.00316819;-0.00258452;0.00203276;
0.00317019;-0.00209487;0.000876053;
0.00317219;-0.00256368;0.00198241;
0.00317419;-0.00211566;0.000919834;
0.00317619;-0.00254305;0.00193639;
0.00317819;-0.00213573;0.000960384;
0.00318019;-0.00252354;0.00189446;
0.00318219;-0.00215458;0.000997591;
0.00318419;-0.00250534;0.00185631;
0.00318619;-0.00217206;0.00103167;
0.00318819;-0.00248855;0.00182162;
0.00319019;-0.00218812;0.00106283;
0.00319219;-0.00247318;0.0017901;
0.00319419;-0.00220277;0.0010913;
0.00319619;-0.0024592;0.00176146;
0.00319819;-0.00221621;0.00111713;
0.00320019;-0.00244628;0.00173543;
0.00320219;-0.00222841;0.00114091;
0.00320419;-0.00243474;0.00171179;
0.00320619;-0.00223933;0.00116258;
0.00320819;-0.00242441;0.00169028;
0.00321019;-0.00224912;0.00118234;
0.00321219;-0.00241512;0.00167071;
0.00321419;-0.00225792;0.00120039;
0.00321619;-0.00240677;0.00165288;
0.00321819;-0.00226584;0.00121687;
0.00322019;-0.00239925;0.00163662;
0.00322219;-0.00227299;0.00123194;
0.00322419;-0.00239246;0.00162178;
0.00322619;-0.00227944;0.00124572;
0.00322819;-0.00238633;0.00160824;
0.00323019;-0.00228526;0.00125834;
0.00323219;-0.00238078;0.00159586;
0.00323419;-0.00229054;0.00126989;
0.00323619;-0.00237576;0.00158454;
0.00323819;-0.00229532;0.00128047;
0.00324019;-0.00237121;0.00157418;
0.00324219;-0.00229965;0.00129017;
0.00324419;-0.00236709;0.0015647;
0.00324619;-0.00230374;0.00129887;
0.00324819;-0.00236301;0.00155601;
0.00325019;-0.00230758;0.00130706;
0.00325219;-0.00235941;0.00154808;
0.00325419;-0.00231097;0.00131454;
0.00325619;-0.00235622;0.00154083;
0.00325819;-0.00231399;0.00132139;
0.00326019;-0.00235336;0.00153418;
0.00326219;-0.0023167;0.00132767;
0.00326419;-0.0023508;0.0015281;
0.00326619;-0.00231913;0.00133343;
0.00326819;-0.0023485;0.00152252;
0.00327019;-0.0023213;0.0013387;
0.00327219;-0.00234643;0.0015174;
0.00327419;-0.00232327;0.00134355;
0.00327619;-0.00234455;0.00151269;
0.00327819;-0.00232506;0.00134801;
0.00328019;-0.00234283;0.00150837;
0.00328219;-0.00232671;0.00135212;
0.00328419;-0.00234126;0.00150438;
0.00328619;-0.00232821;0.0013559;
0.00328819;-0.00233982;0.00150072;
0.00329019;-0.00232959;0.00135938;
0.00329219;-0.0023385;0.00149734;
0.00329419;-0.00233086;0.00136259;
0.00329619;-0.00233728;0.00149424;
0.00329819;-0.00233202;0.00136554;
0.00330019;-0.00233617;0.00149138;
0.00330219;-0.00233309;0.00136826;
0.00330419;-0.00233514;0.00148874;
0.00330619;-0.00233407;0.00137077;
0.00330819;-0.0023342;0.00148631;
0.00331019;-0.00233497;0.00137308;
0.00331219;-0.00233333;0.00148408;
0.00331419;-0.0023358;0.00137521;
0.00331619;-0.00233253;0.00148202;
0.00331819;-0.00233657;0.00137717;
0.00332019;-0.0023318;0.00148012;
0.00332219;-0.00233727;0.00137898;
0.00332419;-0.00233112;0.00147837;
0.00332619;-0.00233792;0.00138064;
0.00332819;-0.0023305;0.00147676;
0.00333019;-0.00233851;0.00138218;
0.00333219;-0.00232992;0.00147527;
0.00333419;-0.00233906;0.00138359;
0.00333619;-0.0023294;0.0014739;
0.00333819;-0.00233957;0.0013849;
0.00334019;-0.00232891;0.00147264;
0.00334219;-0.00234003;0.0013861;
0.00334419;-0.00232847;0.00147148;
0.00334619;-0.00234045;0.00138721;
0.00334819;-0.00232806;0.00147041;
0.00335019;-0.00234084;0.00138823;
0.00335219;-0.00232768;0.00146942;
0.00335419;-0.0023412;0.00138918;
0.00335619;-0.00232734;0.00146851;
0.00335819;-0.00234153;0.00139005;
0.00336019;-0.00232702;0.00146766;
0.00336219;-0.00234184;0.00139085;
0.00336419;-0.00232673;0.00146689;
0.00336619;-0.00234212;0.00139159;
0.00336819;-0.00232646;0.00146617;
0.00337019;-0.00234237;0.00139227;
0.00337219;-0.00232621;0.00146551;
0.00337419;-0.00234261;0.0013929;
0.00337619;-0.00232598;0.0014649;
0.00337819;-0.00234282;0.00139348;
0.00338019;-0.00232578;0.00146434;
0.00338219;-0.00234302;0.00139402;
0.00338419;-0.00232559;0.00146382;
0.00338619;-0.0023432;0.00139452;
0.00338819;-0.00232541;0.00146334;
0.00339019;-0.00234337;0.00139498;
0.00339219;-0.00232525;0.0014629;
0.00339419;-0.00234352;0.0013954;
0.00339619;-0.0023251;0.00146249;
0.00339819;-0.00234366;0.00139579;
0.00340019;-0.00232497;0.00146211;
0.00340219;-0.00234378;0.00139615;
0.00340419;-0.00232484;0.00146176;
0.00340619;-0.0023439;0.00139649;
0.00340819;-0.00232473;0.00146143;
0.00341019;-0.00234401;0.0013968;
0.00341219;-0.00232463;0.00146113;
0.00341419;-0.00234411;0.00139709;
0.00341619;-0.00232453;0.00146086;
0.00341819;-0.00234419;0.00139735;
0.00342019;-0.00232445;0.0014606;
0.00342219;-0.00234428;0.0013976;
0.00342419;-0.00232437;0.00146036;
0.00342619;-0.00234435;0.00139783;
0.00342819;-0.0023243;0.00146014;
0.00343019;-0.00234442;0.00139804;
0.00343219;-0.00232423;0.00145993;
0.00343419;-0.00234448;0.00139824;
0.00343619;-0.00232417;0.00145974;
0.00343819;-0.00234453;0.00139842;
0.00344019;-0.00232411;0.00145956;
0.00344219;-0.00234458;0.00139859;
0.00344419;-0.00232406;0.0014594;
0.00344619;-0.00234463;0.00139875;
0.00344819;-0.00232402;0.00145925;
0.00345019;-0.00234467;0.0013989;
0.00345219;-0.00232398;0.0014591;
0.00345419;-0.00234471;0.00139903;
0.00345619;-0.00232394;0.00145897;
0.00345819;-0.00234474;0.00139916;
0.00346019;-0.00232391;0.00145885;
0.00346219;-0.00234477;0.00139928;
0.00346419;-0.00232388;0.00145873;
0.00346619;-0.0023448;0.00139939;
0.00346819;-0.00232385;0.00145862;
0.00347019;-0.00234482;0.0013995;
0.00347219;-0.00232383;0.00145852;
0.00347419;-0.00234485;0.00139959;
0.00347619;-0.0023238;0.00145842;
0.00347819;-0.00234487;0.00139969;
0.00348019;-0.00232378;0.00145833;
0.00348219;-0.00234488;0.00139977;
0.00348419;-0.00232377;0.00145825;
0.00348619;-0.0023449;0.00139985;
0.00348819;-0.00232375;0.00145817;
0.00349019;-0.00234491;0.00139993;
0.00349219;-0.00232374;0.0014581;
0.00349419;-0.00234492;0.0014;
0.00349619;-0.00232372;0.00145803;
0.00349819;-0.00234493;0.00140007;
0.0035;-0.00232371;0.00145796;
0.0035002;-0.00233303;0.00142916;
0.0035006;-0.0023323;0.00142876;
0.00350089;-0.00233119;0.00142913;
0.00350121;-0.0023302;0.00142868;
0.00350184;-0.00232822;0.00142895;
0.0035031;-0.00232414;0.00142841;
0.0035051;-0.00231776;0.00142844;
0.0035071;-0.00231123;0.0014278;
0.0035091;-0.00230476;0.0014278;
0.0035111;-0.00229811;0.00142718;
0.0035131;-0.0022915;0.00142716;
0.0035151;-0.0022847;0.00142655;
0.0035171;-0.00227791;0.0014265;
0.0035191;-0.00227086;0.0014259;
0.0035211;-0.00226375;0.00142582;
0.0035231;-0.00225646;0.00142522;
0.0035251;-0.0022492;0.00142512;
0.0035271;-0.00224175;0.00142453;
0.0035291;-0.00223428;0.00142441;
0.0035311;-0.00222659;0.00142382;
0.0035331;-0.00221885;0.00142367;
0.0035351;-0.00221085;0.00142308;
0.0035371;-0.00220278;0.00142291;
0.0035391;-0.00219441;0.00142232;
0.0035411;-0.00218591;0.00142211;
0.0035431;-0.00217707;0.00142151;
0.0035451;-0.00216803;0.00142127;
0.0035471;-0.00215857;0.00142066;
0.0035491;-0.00214879;0.00142037;
0.00355;-0.00214421;0.00142;
0.0035502;-0.00214403;0.00141995;
0.0035506;-0.00214394;0.00141991;
0.0035514;-0.00214399;0.00141993;
0.003553;-0.00214393;0.00141991;
0.003555;-0.00214394;0.00141993;
0.003557;-0.0021439;0.00141991;
0.003559;-0.00214392;0.00141992;
0.003561;-0.00214389;0.00141991;
0.003563;-0.00214391;0.00141992;
0.003565;-0.00214389;0.00141991;
0.003567;-0.0021439;0.00141992;
0.003569;-0.00214389;0.00141992;
0.003571;-0.0021439;0.00141992;
0.003573;-0.00214389;0.00141992;
0.003575;-0.0021439;0.00141992;
0.003577;-0.00214389;0.00141992;
0.003579;-0.0021439;0.00141992;
0.003581;-0.00214389;0.00141992;
0.003583;-0.0021439;0.00141992;
0.003585;-0.00214389;0.00141992;
0.003587;-0.0021439;0.00141992;
0.003589;-0.00214389;0.00141992;
0.003591;-0.0021439;0.00141992;
0.003593;-0.00214389;0.00141992;
0.003595;-0.0021439;0.00141992;
0.003597;-0.00214389;0.00141992;
0.003599;-0.0021439;0.00141992;
0.003601;-0.00214389;0.00141992;
0.003603;-0.0021439;0.00141992;
0.003605;-0.00214389;0.00141992;
0.003607;-0.00214389;0.00141992;
0.003609;-0.00214389;0.00141992;
0.003611;-0.00214389;0.00141992;
0.003613;-0.00214389;0.00141992;
0.003615;-0.00214389;0.00141992;
0.003617;-0.00214389;0.00141992;
0.003619;-0.00214389;0.00141992;
0.003621;-0.00214389;0.00141992;
0.003623;-0.00214389;0.00141992;
0.003625;-0.00214389;0.00141992;
0.0036252;-0.00215009;0.001258;
0.0036256;-0.00214603;0.000914416;
0.0036264;-0.00205583;0.000284439;
0.003627;-0.000815632;0.00011656;
0.00362716;-0.00059258;5.91993e-05;
0.00362748;-0.000450106;9.35922e-06;
0.00362812;-0.000364639;2.20716e-07;
0.0036294;-0.000251443;6.00605e-10;
0.0036314;-0.000142049;4.87089e-11;
0.0036334;-8.3078e-05;8.97339e-11;
0.0036354;-5.09161e-05;1.44982e-10;
0.0036374;-3.29808e-05;2.12745e-10;
0.0036394;-2.26269e-05;2.24967e-10;
0.0036414;-1.6379e-05;2.23907e-10;
0.0036434;-1.24212e-05;2.25813e-10;
0.0036454;-9.79166e-06;2.24784e-10;
0.0036474;-7.96677e-06;2.2631e-10;
0.0036494;-6.65069e-06;2.25365e-10;
0.0036514;-5.66954e-06;2.26641e-10;
0.0036534;-4.91702e-06;2.25789e-10;
0.0036554;-4.32568e-06;2.2688e-10;
0.0036574;-3.8512e-06;2.26117e-10;
0.0036594;-3.46362e-06;2.27064e-10;
0.0036614;-3.14205e-06;2.26383e-10;
0.0036634;-2.87162e-06;2.27212e-10;
0.0036654;-2.64148e-06;2.26603e-10;
0.0036674;-2.44355e-06;2.27335e-10;
0.0036694;-2.27175e-06;2.2679e-10;
0.0036714;-2.12138e-06;2.27439e-10;
0.0036734;-1.98879e-06;2.26952e-10;
0.0036754;-1.87109e-06;2.2753e-10;
0.0036774;-1.76597e-06;2.27094e-10;
0.0036794;-1.67157e-06;2.2761e-10;
0.0036814;-1.58637e-06;2.27221e-10;
0.0036834;-1.50913e-06;2.27681e-10;
0.0036854;-1.43879e-06;2.27334e-10;
0.0036874;-1.3745e-06;2.27746e-10;
0.0036894;-1.31553e-06;2.27436e-10;
0.0036914;-1.26125e-06;2.27806e-10;
0.0036934;-1.21114e-06;2.27528e-10;
0.0036954;-1.16474e-06;2.27861e-10;
0.0036974;-1.12167e-06;2.27613e-10;
0.0036994;-1.08158e-06;2.27913e-10;
0.0037014;-1.04418e-06;2.27691e-10;
0.0037034;-1.00922e-06;2.27961e-10;
0.0037054;-9.76462e-07;2.27763e-10;
0.0037074;-9.45714e-07;2.28006e-10;
0.0037094;-9.16797e-07;2.2783e-10;
0.0037114;-8.89556e-07;2.28049e-10;
0.0037134;-8.6385e-07;2.27892e-10;
0.0037154;-8.39556e-07;2.2809e-10;
0.0037174;-8.16562e-07;2.2795e-10;
0.0037194;-7.94768e-07;2.28129e-10;
0.0037214;-7.74083e-07;2.28004e-10;
0.0037234;-7.54427e-07;2.28166e-10;
0.0037254;-7.35724e-07;2.28055e-10;
0.0037274;-7.17909e-07;2.28202e-10;
0.0037294;-7.00921e-07;2.28104e-10;
0.0037314;-6.84703e-07;2.28237e-10;
0.0037334;-6.69206e-07;2.28149e-10;
0.0037354;-6.54382e-07;2.2827e-10;
0.0037374;-6.40189e-07;2.28193e-10;
0.0037394;-6.26589e-07;2.28302e-10;
0.0037414;-6.13545e-07;2.28233e-10;
0.0037434;-6.01025e-07;2.28333e-10;
0.0037454;-5.88997e-07;2.28272e-10;
0.0037474;-5.77434e-07;2.28363e-10;
0.0037494;-5.66309e-07;2.2831e-10;
0.0037514;-5.55598e-07;2.28392e-10;
0.0037534;-5.45279e-07;2.28345e-10;
0.0037554;-5.3533e-07;2.2842e-10;
0.0037574;-5.25733e-07;2.28379e-10;
0.0037594;-5.1647e-07;2.28448e-10;
0.0037614;-5.07522e-07;2.28412e-10;
0.0037634;-4.98875e-07;2.28474e-10;
0.0037654;-4.90514e-07;2.28443e-10;
0.0037674;-4.82425e-07;2.285e-10;
0.0037694;-4.74595e-07;2.28473e-10;
0.0037714;-4.67012e-07;2.28526e-10;
0.0037734;-4.59664e-07;2.28502e-10;
0.0037754;-4.52541e-07;2.2855e-10;
0.0037774;-4.45633e-07;2.2853e-10;
0.0037794;-4.3893e-07;2.28574e-10;
0.0037814;-4.32423e-07;2.28557e-10;
0.0037834;-4.26104e-07;2.28598e-10;
0.0037854;-4.19965e-07;2.28583e-10;
0.0037874;-4.13998e-07;2.28621e-10;
0.0037894;-4.08197e-07;2.28608e-10;
0.0037914;-4.02554e-07;2.28643e-10;
0.0037934;-3.97064e-07;2.28633e-10;
0.0037954;-3.91719e-07;2.28665e-10;
0.0037974;-3.86515e-07;2.28657e-10;
0.0037994;-3.81446e-07;2.28686e-10;
0.0038014;-3.76507e-07;2.2868e-10;
0.0038034;-3.71693e-07;2.28707e-10;
0.0038054;-3.66999e-07;2.28702e-10;
0.0038074;-3.62421e-07;2.28727e-10;
0.0038094;-3.57954e-07;2.28724e-10;
0.0038114;-3.53596e-07;2.28747e-10;
0.0038134;-3.49341e-07;2.28745e-10;
0.0038154;-3.45186e-07;2.28767e-10;
0.0038174;-3.41128e-07;2.28765e-10;
0.0038194;-3.37164e-07;2.28786e-10;
0.0038214;-3.3329e-07;2.28785e-10;
0.0038234;-3.29503e-07;2.28805e-10;
0.0038254;-3.258e-07;2.28805e-10;
0.0038274;-3.22179e-07;2.28823e-10;
0.0038294;-3.18636e-07;2.28824e-10;
0.0038314;-3.1517e-07;2.28841e-10;
0.0038334;-3.11779e-07;2.28843e-10;
0.0038354;-3.08458e-07;2.28858e-10;
0.0038374;-3.05207e-07;2.28861e-10;
0.0038394;-3.02023e-07;2.28876e-10;
0.0038414;-2.98905e-07;2.28879e-10;
0.0038434;-2.9585e-07;2.28893e-10;
0.0038454;-2.92856e-07;2.28896e-10;
0.0038474;-2.89921e-07;2.28909e-10;
0.0038494;-2.87044e-07;2.28913e-10;
0.0038514;-2.84224e-07;2.28926e-10;
0.0038534;-2.81457e-07;2.2893e-10;
0.0038554;-2.78744e-07;2.28942e-10;
0.0038574;-2.76082e-07;2.28946e-10;
0.0038594;-2.7347e-07;2.28958e-10;
0.0038614;-2.70907e-07;2.28962e-10;
0.0038634;-2.68391e-07;2.28973e-10;
0.0038654;-2.65921e-07;2.28978e-10;
0.0038674;-2.63495e-07;2.28988e-10;
0.0038694;-2.61113e-07;2.28993e-10;
0.0038714;-2.58774e-07;2.29003e-10;
0.0038734;-2.56475e-07;2.29008e-10;
0.0038754;-2.54217e-07;2.29018e-10;
0.0038774;-2.51998e-07;2.29023e-10;
0.0038794;-2.49818e-07;2.29032e-10;
0.0038814;-2.47674e-07;2.29037e-10;
0.0038834;-2.45566e-07;2.29047e-10;
0.0038854;-2.43494e-07;2.29052e-10;
0.0038874;-2.41457e-07;2.29061e-10;
0.0038894;-2.39453e-07;2.29066e-10;
0.0038914;-2.37481e-07;2.29074e-10;
0.0038934;-2.35542e-07;2.2908e-10;
0.0038954;-2.33634e-07;2.29088e-10;
0.0038974;-2.31756e-07;2.29093e-10;
0.0038994;-2.29908e-07;2.29101e-10;
0.0039014;-2.28089e-07;2.29107e-10;
0.0039034;-2.26299e-07;2.29114e-10;
0.0039054;-2.24536e-07;2.2912e-10;
0.0039074;-2.228e-07;2.29127e-10;
0.0039094;-2.21091e-07;2.29133e-10;
0.0039114;-2.19408e-07;2.2914e-10;
0.0039134;-2.1775e-07;2.29145e-10;
0.0039154;-2.16116e-07;2.29153e-10;
0.0039174;-2.14507e-07;2.29158e-10;
0.0039194;-2.12921e-07;2.29165e-10;
0.0039214;-2.11359e-07;2.2917e-10;
0.0039234;-2.09819e-07;2.29177e-10;
0.0039254;-2.08302e-07;2.29183e-10;
0.0039274;-2.06806e-07;2.29189e-10;
0.0039294;-2.05331e-07;2.29195e-10;
0.0039314;-2.03877e-07;2.29201e-10;
0.0039334;-2.02443e-07;2.29206e-10;
0.0039354;-2.01029e-07;2.29213e-10;
0.0039374;-1.99635e-07;2.29218e-10;
0.0039394;-1.9826e-07;2.29224e-10;
0.0039414;-1.96903e-07;2.2923e-10;
0.0039434;-1.95565e-07;2.29236e-10;
0.0039454;-1.94245e-07;2.29241e-10;
0.0039474;-1.92943e-07;2.29247e-10;
0.0039494;-1.91657e-07;2.29252e-10;
0.0039514;-1.90389e-07;2.29258e-10;
0.0039534;-1.89137e-07;2.29263e-10;
0.0039554;-1.87902e-07;2.29269e-10;
0.0039574;-1.86682e-07;2.29274e-10;
0.0039594;-1.85478e-07;2.2928e-10;
0.0039614;-1.8429e-07;2.29285e-10;
0.0039634;-1.83116e-07;2.2929e-10;
0.0039654;-1.81957e-07;2.29295e-10;
0.0039674;-1.80813e-07;2.29301e-10;
0.0039694;-1.79683e-07;2.29306e-10;
0.0039714;-1.78567e-07;2.29311e-10;
0.0039734;-1.77465e-07;2.29316e-10;
0.0039754;-1.76376e-07;2.29321e-10;
0.0039774;-1.753e-07;2.29326e-10;
0.0039794;-1.74237e-07;2.29332e-10;
0.0039814;-1.73187e-07;2.29336e-10;
0.0039834;-1.7215e-07;2.29342e-10;
0.0039854;-1.71125e-07;2.29346e-10;
0.0039874;-1.70112e-07;2.29352e-10;
0.0039894;-1.69111e-07;2.29356e-10;
0.0039914;-1.68121e-07;2.29361e-10;
0.0039934;-1.67143e-07;2.29366e-10;
0.0039954;-1.66176e-07;2.29371e-10;
0.0039974;-1.65221e-07;2.29376e-10;
0.0039994;-1.64276e-07;2.29381e-10;
0.004;-1.63994e-07;2.29382e-10;
