time;I(D7);P(D7);
0;-1.12025e-11;4.27474e-11;
2e-08;-1.12472e-11;4.2918e-11;
4e-08;-1.12472e-11;4.2918e-11;
8e-08;-1.12472e-11;4.2918e-11;
1.6e-07;-1.12472e-11;4.2918e-11;
3.2e-07;-1.12472e-11;4.2918e-11;
6.4e-07;-1.12472e-11;4.2918e-11;
1.28e-06;-1.12472e-11;4.2918e-11;
2.56e-06;-1.12472e-11;4.2918e-11;
4.56e-06;-1.12472e-11;4.2918e-11;
6.56e-06;-1.12472e-11;4.2918e-11;
8.56e-06;-1.12472e-11;4.2918e-11;
1.056e-05;-1.12472e-11;4.2918e-11;
1.256e-05;-1.12472e-11;4.2918e-11;
1.456e-05;-1.12472e-11;4.2918e-11;
1.656e-05;-1.12472e-11;4.2918e-11;
1.856e-05;-1.12472e-11;4.2918e-11;
2.056e-05;-1.12472e-11;4.2918e-11;
2.256e-05;-1.12472e-11;4.2918e-11;
2.456e-05;-1.12472e-11;4.2918e-11;
2.656e-05;-1.12472e-11;4.2918e-11;
2.856e-05;-1.12472e-11;4.2918e-11;
3.056e-05;-1.12472e-11;4.2918e-11;
3.256e-05;-1.12472e-11;4.2918e-11;
3.456e-05;-1.12472e-11;4.2918e-11;
3.656e-05;-1.12472e-11;4.2918e-11;
3.856e-05;-1.12472e-11;4.2918e-11;
4.056e-05;-1.12472e-11;4.2918e-11;
4.256e-05;-1.12472e-11;4.2918e-11;
4.456e-05;-1.12472e-11;4.2918e-11;
4.656e-05;-1.12472e-11;4.2918e-11;
4.856e-05;-1.12472e-11;4.2918e-11;
5e-05;-1.12472e-11;4.2918e-11;
5.02e-05;-1.12472e-11;4.2918e-11;
5.06e-05;-1.12472e-11;4.2918e-11;
5.14e-05;-1.12472e-11;4.2918e-11;
5.3e-05;-1.12472e-11;4.2918e-11;
5.5e-05;-1.12472e-11;4.2918e-11;
5.7e-05;-1.12472e-11;4.2918e-11;
5.9e-05;-1.12472e-11;4.2918e-11;
6.1e-05;-1.12472e-11;4.2918e-11;
6.3e-05;-1.12472e-11;4.2918e-11;
6.5e-05;-1.12472e-11;4.2918e-11;
6.7e-05;-1.12472e-11;4.2918e-11;
6.9e-05;-1.12472e-11;4.2918e-11;
7.1e-05;-1.12472e-11;4.2918e-11;
7.3e-05;-1.12472e-11;4.2918e-11;
7.5e-05;-1.12472e-11;4.2918e-11;
7.7e-05;-1.12472e-11;4.2918e-11;
7.9e-05;-1.12472e-11;4.2918e-11;
8.1e-05;-1.12472e-11;4.2918e-11;
8.3e-05;-1.12472e-11;4.2918e-11;
8.5e-05;-1.12472e-11;4.2918e-11;
8.7e-05;-1.12472e-11;4.2918e-11;
8.9e-05;-1.12472e-11;4.2918e-11;
9.1e-05;-1.12472e-11;4.2918e-11;
9.3e-05;-1.12472e-11;4.2918e-11;
9.5e-05;-1.12472e-11;4.2918e-11;
9.7e-05;-1.12472e-11;4.2918e-11;
9.9e-05;-1.12472e-11;4.2918e-11;
0.000101;-1.12472e-11;4.2918e-11;
0.000103;-1.12472e-11;4.2918e-11;
0.000105;-1.12472e-11;4.2918e-11;
0.000107;-1.12472e-11;4.2918e-11;
0.000109;-1.12472e-11;4.2918e-11;
0.000111;-1.12472e-11;4.2918e-11;
0.000113;-1.12472e-11;4.2918e-11;
0.000115;-1.12472e-11;4.2918e-11;
0.000117;-1.12472e-11;4.2918e-11;
0.000119;-1.12472e-11;4.2918e-11;
0.000121;-1.12472e-11;4.2918e-11;
0.000123;-1.12472e-11;4.2918e-11;
0.000125;-1.12472e-11;4.2918e-11;
0.0001252;-1.01545e-11;3.87066e-11;
0.0001256;-7.23608e-12;2.74678e-11;
0.0001264;-3.94096e-12;1.46778e-11;
0.000127;-7.38733e-12;2.80501e-11;
0.00012716;-1.96308e-10;7.65602e-10;
0.00012748;-1.10106e-06;4.54057e-06;
0.000127925;-0.0250741;0.109908;
0.000128497;-0.0204927;0.0897199;
0.000128838;-5.04423e-05;0.000213005;
0.00012917;-4.77415e-06;1.98689e-05;
0.000129434;-0.000412031;0.00176228;
0.000129686;-0.00187055;0.00807366;
0.00013006;-0.00144883;0.00624388;
0.000130705;-0.0029263;0.0126644;
0.000131543;-0.00161318;0.00695662;
0.000132857;-0.0028489;0.0123274;
0.000134857;-0.00166748;0.00719223;
0.000136857;-0.00280484;0.0121363;
0.000138857;-0.00171268;0.00738838;
0.000140857;-0.00276358;0.0119563;
0.000142857;-0.00175173;0.00755782;
0.000144857;-0.0027259;0.0117921;
0.000146857;-0.00178878;0.00771865;
0.000148857;-0.00268925;0.0116326;
0.000150857;-0.0018239;0.00787115;
0.000152857;-0.00265515;0.0114843;
0.000154857;-0.0018577;0.00801787;
0.000156857;-0.00262268;0.011343;
0.000158857;-0.00188885;0.00815314;
0.000160857;-0.00259243;0.0112113;
0.000162857;-0.00191824;0.00828074;
0.000164857;-0.00256415;0.0110883;
0.000166857;-0.00194624;0.00840235;
0.000168857;-0.00253654;0.0109682;
0.000170857;-0.00197213;0.00851482;
0.000172857;-0.00251213;0.010862;
0.000174857;-0.00199544;0.00861606;
0.000176857;-0.00248983;0.010765;
0.000178857;-0.00201685;0.00870907;
0.000180857;-0.00246924;0.0106755;
0.000182857;-0.00203665;0.00879507;
0.000184857;-0.00245013;0.0105924;
0.000186857;-0.00205506;0.00887505;
0.000188857;-0.00243248;0.0105156;
0.000190857;-0.00207197;0.0089485;
0.000192857;-0.0024162;0.0104448;
0.000194857;-0.00208759;0.0090164;
0.000196857;-0.00240116;0.0103794;
0.000198857;-0.00210242;0.00908083;
0.000200857;-0.0023866;0.0103161;
0.000202857;-0.00211601;0.00913986;
0.000204857;-0.00237382;0.0102605;
0.000206857;-0.00212814;0.00919257;
0.000208857;-0.00236224;0.0102102;
0.000210857;-0.00213919;0.00924059;
0.000212857;-0.00235165;0.0101641;
0.000214857;-0.00214934;0.00928469;
0.000216857;-0.00234189;0.0101217;
0.000218857;-0.00215869;0.00932532;
0.000220857;-0.0023329;0.0100826;
0.000222857;-0.00216731;0.00936278;
0.000224857;-0.00232461;0.0100465;
0.000226857;-0.00217525;0.00939731;
0.000228857;-0.00231697;0.0100133;
0.000230857;-0.00218257;0.0094291;
0.000232857;-0.00230995;0.00998282;
0.000234857;-0.00218928;0.00945826;
0.000236857;-0.00230348;0.00995468;
0.000238857;-0.00219548;0.00948522;
0.000240857;-0.00229752;0.00992879;
0.000242857;-0.00220118;0.00950997;
0.000244857;-0.00229206;0.00990502;
0.000246857;-0.0022064;0.00953268;
0.000248857;-0.00228708;0.00988337;
0.000250857;-0.00221125;0.00955377;
0.000252857;-0.0022823;0.0098626;
0.000254857;-0.00221574;0.00957329;
0.000256857;-0.00227806;0.00984415;
0.000258857;-0.00221977;0.00959077;
0.000260857;-0.00227423;0.00982751;
0.000262857;-0.00222341;0.0096066;
0.000264857;-0.00227098;0.00981338;
0.000266857;-0.00222635;0.00961937;
0.000268857;-0.00226797;0.00980029;
0.000270857;-0.00222936;0.00963246;
0.000272857;-0.00226501;0.00978743;
0.000274857;-0.00223223;0.00964495;
0.000276857;-0.00226224;0.00977541;
0.000278857;-0.00223488;0.00965646;
0.000280857;-0.00225972;0.00976444;
0.000282857;-0.00223728;0.00966689;
0.000284857;-0.00225744;0.00975452;
0.000286857;-0.00223944;0.0096763;
0.000288857;-0.00225538;0.00974558;
0.000290857;-0.00224172;0.00968621;
0.000292857;-0.00225297;0.00973511;
0.000294857;-0.00224375;0.00969504;
0.000296857;-0.00225162;0.00972921;
0.000298857;-0.00224469;0.00969913;
0.000300857;-0.0022505;0.00972438;
0.000302857;-0.00224587;0.00970424;
0.000304857;-0.00224929;0.00971911;
0.000306857;-0.0022471;0.00970957;
0.000308857;-0.00224809;0.0097139;
0.000310857;-0.00224827;0.00971465;
0.000312857;-0.00224697;0.00970904;
0.000314857;-0.00224933;0.0097193;
0.000316857;-0.00224597;0.00970466;
0.000318857;-0.00225029;0.00972345;
0.000320857;-0.00224507;0.00970077;
0.000322857;-0.00225113;0.00972709;
0.000324857;-0.00224429;0.00969737;
0.000326857;-0.00225186;0.00973027;
0.000328857;-0.00224361;0.00969441;
0.000330857;-0.00225249;0.00973303;
0.000332857;-0.00224302;0.00969186;
0.000334857;-0.00225304;0.00973539;
0.000336857;-0.00224252;0.00968968;
0.000338857;-0.0022535;0.0097374;
0.000340857;-0.00224209;0.00968783;
0.000342857;-0.00225389;0.0097391;
0.000344857;-0.00224174;0.00968628;
0.000346857;-0.00225421;0.00974051;
0.000348857;-0.00224144;0.009685;
0.000350857;-0.00225448;0.00974166;
0.000352857;-0.0022412;0.00968396;
0.000354857;-0.00225469;0.00974258;
0.000356857;-0.00224102;0.00968315;
0.000358857;-0.00225485;0.0097433;
0.000360857;-0.00224088;0.00968253;
0.000362857;-0.00225497;0.00974382;
0.000364857;-0.00224078;0.0096821;
0.000366857;-0.00225505;0.00974417;
0.000368857;-0.00224071;0.00968183;
0.000370857;-0.0022551;0.00974436;
0.000372857;-0.00224069;0.00968171;
0.000374857;-0.00225511;0.00974442;
0.000376857;-0.00224069;0.00968171;
0.000378857;-0.0022551;0.00974435;
0.000380857;-0.00224072;0.00968184;
0.000382857;-0.00225506;0.00974417;
0.000384857;-0.00224077;0.00968207;
0.000386857;-0.00225499;0.00974389;
0.000388857;-0.00224084;0.00968239;
0.000390857;-0.00225491;0.00974353;
0.000392857;-0.00224094;0.00968279;
0.000394857;-0.00225481;0.00974309;
0.000396857;-0.00224105;0.00968327;
0.000398857;-0.00225469;0.00974258;
0.000400857;-0.00224117;0.00968381;
0.000402857;-0.00225456;0.00974201;
0.000404857;-0.00224131;0.0096844;
0.000406857;-0.00225442;0.00974139;
0.000408857;-0.00224145;0.00968504;
0.000410857;-0.00225426;0.00974073;
0.000412857;-0.00224161;0.00968572;
0.000414857;-0.0022541;0.00974003;
0.000416857;-0.00224177;0.00968644;
0.000418857;-0.00225394;0.0097393;
0.000420857;-0.00224194;0.00968718;
0.000422857;-0.00225376;0.00973855;
0.000424857;-0.00224212;0.00968794;
0.000426857;-0.00225359;0.00973778;
0.000428857;-0.0022423;0.00968872;
0.000430857;-0.00225341;0.009737;
0.000432857;-0.00224248;0.0096895;
0.000434857;-0.00225322;0.00973621;
0.000436857;-0.00224266;0.0096903;
0.000438857;-0.00225304;0.00973541;
0.000440857;-0.00224285;0.0096911;
0.000442857;-0.00225286;0.00973461;
0.000444857;-0.00224303;0.0096919;
0.000446857;-0.00225267;0.00973381;
0.000448857;-0.00224321;0.0096927;
0.000450857;-0.00225249;0.00973301;
0.000452857;-0.0022434;0.00969349;
0.000454857;-0.00225231;0.00973222;
0.000456857;-0.00224358;0.00969428;
0.000458857;-0.00225213;0.00973144;
0.000460857;-0.00224376;0.00969505;
0.000462857;-0.00225195;0.00973068;
0.000464857;-0.00224393;0.00969581;
0.000466857;-0.00225178;0.00972992;
0.000468857;-0.0022441;0.00969656;
0.000470857;-0.00225161;0.00972918;
0.000472857;-0.00224427;0.0096973;
0.000474857;-0.00225144;0.00972845;
0.000476857;-0.00224444;0.00969802;
0.000478857;-0.00225128;0.00972774;
0.000480857;-0.0022446;0.00969872;
0.000482857;-0.00225112;0.00972705;
0.000484857;-0.00224476;0.0096994;
0.000486857;-0.00225096;0.00972638;
0.000488857;-0.00224491;0.00970006;
0.000490857;-0.00225081;0.00972572;
0.000492857;-0.00224506;0.00970071;
0.000494857;-0.00225067;0.00972509;
0.000496857;-0.0022452;0.00970133;
0.000498857;-0.00225052;0.00972447;
0.0005;-0.00224539;0.00970216;
0.0005002;-0.00224728;0.00971037;
0.0005006;-0.00224637;0.00970641;
0.0005014;-0.00224317;0.00969251;
0.000502336;-0.00224008;0.00967909;
0.000504208;-0.00223304;0.00964847;
0.000506208;-0.00222604;0.00961806;
0.000508208;-0.00221849;0.00958521;
0.000510208;-0.0022114;0.00955441;
0.000512208;-0.00220376;0.00952123;
0.000514208;-0.00219655;0.00948988;
0.000516208;-0.00218878;0.00945611;
0.000518208;-0.00218134;0.00942375;
0.000520208;-0.00217322;0.00938848;
0.000522208;-0.00216537;0.00935435;
0.000524208;-0.00215709;0.0093184;
0.000526208;-0.00214921;0.00928411;
0.000528208;-0.00214084;0.00924777;
0.000530208;-0.00213277;0.00921268;
0.000532208;-0.00212421;0.0091755;
0.000534208;-0.00211589;0.00913936;
0.000536208;-0.00210709;0.00910109;
0.000538208;-0.00209846;0.00906362;
0.000540208;-0.00208933;0.00902393;
0.000542208;-0.00208031;0.00898473;
0.000544208;-0.00207073;0.00894314;
0.000546208;-0.00206118;0.00890163;
0.000548208;-0.002051;0.00885742;
0.00055;-0.00204183;0.00881756;
0.0005502;-0.00204126;0.00881509;
0.0005506;-0.00204076;0.00881293;
0.0005514;-0.00204077;0.00881298;
0.000553;-0.00204071;0.00881271;
0.000555;-0.00204068;0.00881257;
0.000557;-0.00204064;0.0088124;
0.000559;-0.00204063;0.00881236;
0.000561;-0.00204061;0.00881227;
0.000563;-0.00204061;0.00881228;
0.000565;-0.0020406;0.00881222;
0.000567;-0.0020406;0.00881224;
0.000569;-0.0020406;0.0088122;
0.000571;-0.0020406;0.00881223;
0.000573;-0.00204059;0.0088122;
0.000575;-0.0020406;0.00881222;
0.000577;-0.00204059;0.0088122;
0.000579;-0.0020406;0.00881222;
0.000581;-0.00204059;0.0088122;
0.000583;-0.0020406;0.00881222;
0.000585;-0.00204059;0.0088122;
0.000587;-0.0020406;0.00881222;
0.000589;-0.00204059;0.0088122;
0.000591;-0.0020406;0.00881222;
0.000593;-0.00204059;0.0088122;
0.000595;-0.0020406;0.00881222;
0.000597;-0.00204059;0.0088122;
0.000599;-0.0020406;0.00881222;
0.000601;-0.00204059;0.0088122;
0.000603;-0.0020406;0.00881222;
0.000605;-0.00204059;0.0088122;
0.000607;-0.0020406;0.00881222;
0.000609;-0.00204059;0.0088122;
0.000611;-0.0020406;0.00881222;
0.000613;-0.00204059;0.0088122;
0.000615;-0.0020406;0.00881222;
0.000617;-0.00204059;0.0088122;
0.000619;-0.0020406;0.00881221;
0.000621;-0.00204059;0.0088122;
0.000623;-0.0020406;0.00881221;
0.000625;-0.00204059;0.0088122;
0.0006252;-0.00204512;0.00883185;
0.0006256;-0.00204554;0.00883371;
0.0006264;-0.00197633;0.00853305;
0.000627;-0.00115161;0.00495612;
0.00062716;-0.000914899;0.00393196;
0.00062748;-0.000641914;0.00275287;
0.00062812;-0.000449355;0.00192294;
0.0006294;-0.000311072;0.00132822;
0.0006314;-0.000196774;0.000837853;
0.0006334;-0.000130076;0.000552465;
0.0006354;-9.07729e-05;0.00038469;
0.0006374;-6.65872e-05;0.000281659;
0.0006394;-5.10511e-05;0.000215591;
0.0006414;-4.064e-05;0.000171385;
0.0006434;-3.33794e-05;0.000140596;
0.0006454;-2.81279e-05;0.000118352;
0.0006474;-2.42039e-05;0.000101747;
0.0006494;-2.11868e-05;8.89912e-05;
0.0006514;-1.88085e-05;7.89435e-05;
0.0006534;-1.68928e-05;7.08559e-05;
0.0006554;-1.53207e-05;6.42233e-05;
0.0006574;-1.40097e-05;5.86953e-05;
0.0006594;-1.29011e-05;5.4023e-05;
0.0006614;-1.19521e-05;5.00254e-05;
0.0006634;-1.1131e-05;4.65685e-05;
0.0006654;-1.04141e-05;4.35509e-05;
0.0006674;-9.78273e-06;4.08949e-05;
0.0006694;-9.22273e-06;3.85399e-05;
0.0006714;-8.72271e-06;3.64378e-05;
0.0006734;-8.27361e-06;3.45505e-05;
0.0006754;-7.86807e-06;3.28467e-05;
0.0006774;-7.50011e-06;3.13013e-05;
0.0006794;-7.16475e-06;2.98932e-05;
0.0006814;-6.85787e-06;2.86051e-05;
0.0006834;-6.57601e-06;2.74223e-05;
0.0006854;-6.31625e-06;2.63325e-05;
0.0006874;-6.0761e-06;2.53252e-05;
0.0006894;-5.85343e-06;2.43915e-05;
0.0006914;-5.64641e-06;2.35235e-05;
0.0006934;-5.45345e-06;2.27147e-05;
0.0006954;-5.27316e-06;2.19592e-05;
0.0006974;-5.10436e-06;2.1252e-05;
0.0006994;-4.94597e-06;2.05885e-05;
0.0007014;-4.79706e-06;1.99648e-05;
0.0007034;-4.65682e-06;1.93776e-05;
0.0007054;-4.52451e-06;1.88236e-05;
0.0007074;-4.39947e-06;1.83002e-05;
0.0007094;-4.28113e-06;1.7805e-05;
0.0007114;-4.16896e-06;1.73356e-05;
0.0007134;-4.06249e-06;1.68902e-05;
0.0007154;-3.96131e-06;1.64669e-05;
0.0007174;-3.86502e-06;1.60642e-05;
0.0007194;-3.77329e-06;1.56806e-05;
0.0007214;-3.68579e-06;1.53147e-05;
0.0007234;-3.60225e-06;1.49655e-05;
0.0007254;-3.52239e-06;1.46317e-05;
0.0007274;-3.44599e-06;1.43123e-05;
0.0007294;-3.37282e-06;1.40066e-05;
0.0007314;-3.30268e-06;1.37135e-05;
0.0007334;-3.23539e-06;1.34324e-05;
0.0007354;-3.17078e-06;1.31625e-05;
0.0007374;-3.10869e-06;1.29031e-05;
0.0007394;-3.04898e-06;1.26538e-05;
0.0007414;-2.99151e-06;1.24138e-05;
0.0007434;-2.93616e-06;1.21827e-05;
0.0007454;-2.88282e-06;1.196e-05;
0.0007474;-2.83137e-06;1.17452e-05;
0.0007494;-2.78173e-06;1.1538e-05;
0.0007514;-2.73379e-06;1.1338e-05;
0.0007534;-2.68747e-06;1.11447e-05;
0.0007554;-2.64269e-06;1.09578e-05;
0.0007574;-2.59937e-06;1.07771e-05;
0.0007594;-2.55745e-06;1.06022e-05;
0.0007614;-2.51686e-06;1.04329e-05;
0.0007634;-2.47753e-06;1.02688e-05;
0.0007654;-2.4394e-06;1.01099e-05;
0.0007674;-2.40243e-06;9.95569e-06;
0.0007694;-2.36657e-06;9.80613e-06;
0.0007714;-2.33175e-06;9.66098e-06;
0.0007734;-2.29794e-06;9.52004e-06;
0.0007754;-2.2651e-06;9.38312e-06;
0.0007774;-2.23318e-06;9.25006e-06;
0.0007794;-2.20214e-06;9.12071e-06;
0.0007814;-2.17196e-06;8.99492e-06;
0.0007834;-2.14259e-06;8.87252e-06;
0.0007854;-2.114e-06;8.7534e-06;
0.0007874;-2.08616e-06;8.63742e-06;
0.0007894;-2.05904e-06;8.52445e-06;
0.0007914;-2.03262e-06;8.41439e-06;
0.0007934;-2.00687e-06;8.30711e-06;
0.0007954;-1.98176e-06;8.20253e-06;
0.0007974;-1.95727e-06;8.10053e-06;
0.0007994;-1.93337e-06;8.00103e-06;
0.0008014;-1.91005e-06;7.90393e-06;
0.0008034;-1.88729e-06;7.80915e-06;
0.0008054;-1.86506e-06;7.7166e-06;
0.0008074;-1.84335e-06;7.62621e-06;
0.0008094;-1.82214e-06;7.5379e-06;
0.0008114;-1.80141e-06;7.4516e-06;
0.0008134;-1.78114e-06;7.36725e-06;
0.0008154;-1.76132e-06;7.28478e-06;
0.0008174;-1.74194e-06;7.20413e-06;
0.0008194;-1.72298e-06;7.12523e-06;
0.0008214;-1.70443e-06;7.04803e-06;
0.0008234;-1.68628e-06;6.97249e-06;
0.0008254;-1.6685e-06;6.89853e-06;
0.0008274;-1.6511e-06;6.82612e-06;
0.0008294;-1.63405e-06;6.75521e-06;
0.0008314;-1.61735e-06;6.68575e-06;
0.0008334;-1.60099e-06;6.6177e-06;
0.0008354;-1.58496e-06;6.55101e-06;
0.0008374;-1.56924e-06;6.48565e-06;
0.0008394;-1.55383e-06;6.42157e-06;
0.0008414;-1.53873e-06;6.35875e-06;
0.0008434;-1.52391e-06;6.29713e-06;
0.0008454;-1.50937e-06;6.23669e-06;
0.0008474;-1.49511e-06;6.17739e-06;
0.0008494;-1.48111e-06;6.11921e-06;
0.0008514;-1.46738e-06;6.06211e-06;
0.0008534;-1.4539e-06;6.00605e-06;
0.0008554;-1.44066e-06;5.95102e-06;
0.0008574;-1.42766e-06;5.89699e-06;
0.0008594;-1.41489e-06;5.84392e-06;
0.0008614;-1.40235e-06;5.7918e-06;
0.0008634;-1.39003e-06;5.74059e-06;
0.0008654;-1.37792e-06;5.69028e-06;
0.0008674;-1.36602e-06;5.64084e-06;
0.0008694;-1.35432e-06;5.59224e-06;
0.0008714;-1.34283e-06;5.54448e-06;
0.0008734;-1.33152e-06;5.49751e-06;
0.0008754;-1.32041e-06;5.45134e-06;
0.0008774;-1.30948e-06;5.40592e-06;
0.0008794;-1.29873e-06;5.36126e-06;
0.0008814;-1.28815e-06;5.31733e-06;
0.0008834;-1.27774e-06;5.2741e-06;
0.0008854;-1.2675e-06;5.23157e-06;
0.0008874;-1.25743e-06;5.18972e-06;
0.0008894;-1.24751e-06;5.14853e-06;
0.0008914;-1.23775e-06;5.10798e-06;
0.0008934;-1.22813e-06;5.06807e-06;
0.0008954;-1.21867e-06;5.02877e-06;
0.0008974;-1.20935e-06;4.99008e-06;
0.0008994;-1.20017e-06;4.95197e-06;
0.0009014;-1.19113e-06;4.91444e-06;
0.0009034;-1.18223e-06;4.87747e-06;
0.0009054;-1.17345e-06;4.84105e-06;
0.0009074;-1.16481e-06;4.80517e-06;
0.0009094;-1.15629e-06;4.76981e-06;
0.0009114;-1.1479e-06;4.73497e-06;
0.0009134;-1.13963e-06;4.70063e-06;
0.0009154;-1.13147e-06;4.66678e-06;
0.0009174;-1.12343e-06;4.63342e-06;
0.0009194;-1.11551e-06;4.60052e-06;
0.0009214;-1.10769e-06;4.56809e-06;
0.0009234;-1.09999e-06;4.53611e-06;
0.0009254;-1.09239e-06;4.50458e-06;
0.0009274;-1.08489e-06;4.47348e-06;
0.0009294;-1.0775e-06;4.4428e-06;
0.0009314;-1.0702e-06;4.41254e-06;
0.0009334;-1.06301e-06;4.38268e-06;
0.0009354;-1.05591e-06;4.35323e-06;
0.0009374;-1.0489e-06;4.32417e-06;
0.0009394;-1.04199e-06;4.29549e-06;
0.0009414;-1.03517e-06;4.26719e-06;
0.0009434;-1.02843e-06;4.23925e-06;
0.0009454;-1.02178e-06;4.21168e-06;
0.0009474;-1.01522e-06;4.18446e-06;
0.0009494;-1.00874e-06;4.1576e-06;
0.0009514;-1.00235e-06;4.13107e-06;
0.0009534;-9.96033e-07;4.10488e-06;
0.0009554;-9.89796e-07;4.07901e-06;
0.0009574;-9.83637e-07;4.05347e-06;
0.0009594;-9.77554e-07;4.02825e-06;
0.0009614;-9.71546e-07;4.00334e-06;
0.0009634;-9.65611e-07;3.97873e-06;
0.0009654;-9.59748e-07;3.95442e-06;
0.0009674;-9.53956e-07;3.9304e-06;
0.0009694;-9.48233e-07;3.90668e-06;
0.0009714;-9.42578e-07;3.88324e-06;
0.0009734;-9.36991e-07;3.86007e-06;
0.0009754;-9.31469e-07;3.83718e-06;
0.0009774;-9.26012e-07;3.81456e-06;
0.0009794;-9.20618e-07;3.7922e-06;
0.0009814;-9.15287e-07;3.7701e-06;
0.0009834;-9.10017e-07;3.74826e-06;
0.0009854;-9.04807e-07;3.72667e-06;
0.0009874;-8.99657e-07;3.70532e-06;
0.0009894;-8.94565e-07;3.68422e-06;
0.0009914;-8.8953e-07;3.66335e-06;
0.0009934;-8.84552e-07;3.64272e-06;
0.0009954;-8.79628e-07;3.62232e-06;
0.0009974;-8.7476e-07;3.60215e-06;
0.0009994;-8.69945e-07;3.58219e-06;
0.001;-8.6851e-07;3.57625e-06;
0.0010002;-8.68034e-07;3.57428e-06;
0.0010006;-8.67081e-07;3.57033e-06;
0.0010014;-8.65182e-07;3.56246e-06;
0.001003;-8.6141e-07;3.54683e-06;
0.001005;-8.5674e-07;3.52748e-06;
0.001007;-8.5212e-07;3.50834e-06;
0.001009;-8.4755e-07;3.48941e-06;
0.001011;-8.43029e-07;3.47068e-06;
0.001013;-8.38556e-07;3.45215e-06;
0.001015;-8.3413e-07;3.43381e-06;
0.001017;-8.2975e-07;3.41567e-06;
0.001019;-8.25416e-07;3.39772e-06;
0.001021;-8.21127e-07;3.37995e-06;
0.001023;-8.16882e-07;3.36237e-06;
0.001025;-8.12681e-07;3.34497e-06;
0.001027;-8.08523e-07;3.32775e-06;
0.001029;-8.04408e-07;3.3107e-06;
0.001031;-8.00333e-07;3.29383e-06;
0.001033;-7.963e-07;3.27713e-06;
0.001035;-7.92308e-07;3.26059e-06;
0.001037;-7.88355e-07;3.24422e-06;
0.001039;-7.84441e-07;3.22802e-06;
0.001041;-7.80566e-07;3.21197e-06;
0.001043;-7.76729e-07;3.19608e-06;
0.001045;-7.7293e-07;3.18035e-06;
0.001047;-7.69167e-07;3.16477e-06;
0.001049;-7.65441e-07;3.14934e-06;
0.00105;-7.63592e-07;3.14169e-06;
0.0010502;-7.63223e-07;3.14016e-06;
0.0010506;-7.62486e-07;3.13711e-06;
0.0010514;-7.61017e-07;3.13103e-06;
0.001053;-7.58096e-07;3.11894e-06;
0.001055;-7.54476e-07;3.10395e-06;
0.001057;-7.50891e-07;3.08911e-06;
0.001059;-7.47339e-07;3.0744e-06;
0.001061;-7.43821e-07;3.05984e-06;
0.001063;-7.40336e-07;3.04541e-06;
0.001065;-7.36883e-07;3.03112e-06;
0.001067;-7.33462e-07;3.01696e-06;
0.001069;-7.30073e-07;3.00293e-06;
0.001071;-7.26715e-07;2.98903e-06;
0.001073;-7.23388e-07;2.97526e-06;
0.001075;-7.20091e-07;2.96162e-06;
0.001077;-7.16824e-07;2.9481e-06;
0.001079;-7.13586e-07;2.9347e-06;
0.001081;-7.10378e-07;2.92142e-06;
0.001083;-7.07198e-07;2.90826e-06;
0.001085;-7.04047e-07;2.89522e-06;
0.001087;-7.00923e-07;2.88229e-06;
0.001089;-6.97827e-07;2.86948e-06;
0.001091;-6.94759e-07;2.85679e-06;
0.001093;-6.91717e-07;2.8442e-06;
0.001095;-6.88701e-07;2.83172e-06;
0.001097;-6.85712e-07;2.81936e-06;
0.001099;-6.82749e-07;2.80709e-06;
0.001101;-6.79811e-07;2.79494e-06;
0.001103;-6.76898e-07;2.78289e-06;
0.001105;-6.7401e-07;2.77094e-06;
0.001107;-6.71147e-07;2.7591e-06;
0.001109;-6.68308e-07;2.74735e-06;
0.001111;-6.65493e-07;2.73571e-06;
0.001113;-6.62701e-07;2.72416e-06;
0.001115;-6.59933e-07;2.71271e-06;
0.001117;-6.57187e-07;2.70135e-06;
0.001119;-6.54465e-07;2.69009e-06;
0.001121;-6.51765e-07;2.67892e-06;
0.001123;-6.49087e-07;2.66784e-06;
0.001125;-6.4643e-07;2.65686e-06;
0.0011252;-5.51547e-07;2.26462e-06;
0.0011256;-2.99003e-07;1.22295e-06;
0.0011264;-1.88212e-08;7.56346e-08;
0.001127;-3.13186e-07;1.28134e-06;
0.00112716;-1.67579e-05;7.02862e-05;
0.00112748;-0.019739;0.0864004;
0.00112812;-0.0362403;0.159198;
0.00112842;-1.78172e-05;7.4758e-05;
0.00112873;-3.41397e-08;1.37719e-07;
0.00112898;-1.58138e-08;6.34777e-08;
0.00112922;-2.06215e-06;8.53739e-06;
0.00112953;-0.000259376;0.00110626;
0.0011299;-0.000802737;0.00344721;
0.00113046;-0.00261715;0.0113189;
0.00113104;-0.00187924;0.00811138;
0.0011322;-0.00260232;0.0112544;
0.00113358;-0.00190612;0.00822813;
0.00113558;-0.00258088;0.0111611;
0.00113758;-0.00192469;0.00830876;
0.00113958;-0.00256221;0.0110799;
0.00114158;-0.00194342;0.00839009;
0.00114358;-0.00254369;0.0109993;
0.00114558;-0.00196188;0.00847028;
0.00114758;-0.00252554;0.0109203;
0.00114958;-0.00197987;0.00854841;
0.00115158;-0.00250789;0.0108436;
0.00115358;-0.00199731;0.00862416;
0.00115558;-0.00249084;0.0107694;
0.00115758;-0.00201408;0.00869701;
0.00115958;-0.00247447;0.0106982;
0.00116158;-0.00203015;0.00876681;
0.00116358;-0.00245881;0.0106301;
0.00116558;-0.0020455;0.0088335;
0.00116758;-0.00244386;0.0105651;
0.00116958;-0.00206011;0.00889697;
0.00117158;-0.00242966;0.0105033;
0.00117358;-0.00207396;0.00895718;
0.00117558;-0.00241622;0.0104449;
0.00117758;-0.00208706;0.00901409;
0.00117958;-0.00240352;0.0103896;
0.00118158;-0.00209942;0.00906777;
0.00118358;-0.00239155;0.0103376;
0.00118558;-0.00211105;0.00911831;
0.00118758;-0.00238028;0.0102886;
0.00118958;-0.00212209;0.00916627;
0.00119158;-0.00236953;0.0102419;
0.00119358;-0.00213244;0.00921124;
0.00119558;-0.0023596;0.0101987;
0.00119758;-0.00214202;0.00925288;
0.00119958;-0.0023504;0.0101587;
0.00120158;-0.0021509;0.00929149;
0.00120358;-0.00234189;0.0101217;
0.00120558;-0.00215909;0.00932706;
0.00120758;-0.00233398;0.0100873;
0.00120958;-0.00216675;0.00936035;
0.00121158;-0.00232658;0.0100551;
0.00121358;-0.0021739;0.00939143;
0.00121558;-0.00231969;0.0100251;
0.00121758;-0.00218056;0.00942039;
0.00121958;-0.00231327;0.00999724;
0.00122158;-0.00218676;0.00944732;
0.00122358;-0.0023073;0.00997131;
0.00122558;-0.00219251;0.00947233;
0.00122758;-0.00230177;0.00994723;
0.00122958;-0.00219785;0.00949554;
0.00123158;-0.00229663;0.00992491;
0.00123358;-0.0022028;0.00951704;
0.00123558;-0.00229188;0.00990424;
0.00123758;-0.00220738;0.00953694;
0.00123958;-0.00228748;0.00988512;
0.00124158;-0.00221173;0.00955583;
0.00124358;-0.00228322;0.0098666;
0.00124558;-0.00221573;0.00957325;
0.00124758;-0.00227944;0.00985015;
0.00124958;-0.00221934;0.00958891;
0.00125158;-0.00227601;0.00983524;
0.00125358;-0.00222262;0.00960318;
0.00125558;-0.00227287;0.0098216;
0.00125758;-0.00222563;0.00961626;
0.00125958;-0.00226999;0.00980908;
0.00126158;-0.0022284;0.00962829;
0.00126358;-0.00226734;0.00979755;
0.00126558;-0.00223094;0.00963936;
0.00126758;-0.0022649;0.00978695;
0.00126958;-0.00223328;0.00964953;
0.00127158;-0.00226266;0.0097772;
0.00127358;-0.00223543;0.00965887;
0.00127558;-0.0022606;0.00976826;
0.00127758;-0.0022374;0.00966743;
0.00127958;-0.00225872;0.00976008;
0.00128158;-0.0022392;0.00967527;
0.00128358;-0.00225699;0.00975259;
0.00128558;-0.00224085;0.00968242;
0.00128758;-0.00225542;0.00974577;
0.00128958;-0.00224235;0.00968894;
0.00129158;-0.00225399;0.00973955;
0.00129358;-0.00224371;0.00969486;
0.00129558;-0.0022527;0.00973391;
0.00129758;-0.00224495;0.00970023;
0.00129958;-0.00225152;0.00972881;
0.00130158;-0.00224606;0.00970508;
0.00130358;-0.00225046;0.0097242;
0.00130558;-0.00224707;0.00970944;
0.00130758;-0.00224951;0.00972006;
0.00130958;-0.00224797;0.00971336;
0.00131158;-0.00224866;0.00971635;
0.00131358;-0.00224877;0.00971686;
0.00131558;-0.00224789;0.00971304;
0.00131758;-0.00224962;0.00972056;
0.00131958;-0.00224698;0.00970908;
0.00132158;-0.00225039;0.0097239;
0.00132358;-0.00224633;0.00970622;
0.00132558;-0.00225097;0.00972641;
0.00132758;-0.00224581;0.00970398;
0.00132958;-0.00225143;0.00972843;
0.00133158;-0.00224539;0.00970215;
0.00133358;-0.00225182;0.0097301;
0.00133558;-0.00224504;0.00970061;
0.00133758;-0.00225214;0.0097315;
0.00133958;-0.00224474;0.00969932;
0.00134158;-0.00225241;0.00973268;
0.00134358;-0.00224449;0.00969822;
0.00134558;-0.00225264;0.00973368;
0.00134758;-0.00224427;0.0096973;
0.00134958;-0.00225283;0.00973451;
0.00135158;-0.0022441;0.00969655;
0.00135358;-0.00225299;0.00973518;
0.00135558;-0.00224396;0.00969594;
0.00135758;-0.00225311;0.00973571;
0.00135958;-0.00224385;0.00969546;
0.00136158;-0.0022532;0.00973611;
0.00136358;-0.00224377;0.00969511;
0.00136558;-0.00225327;0.0097364;
0.00136758;-0.00224371;0.00969486;
0.00136958;-0.00225331;0.00973657;
0.00137158;-0.00224368;0.00969473;
0.00137358;-0.00225331;0.00973658;
0.00137558;-0.0022437;0.0096948;
0.00137758;-0.00225329;0.0097365;
0.00137958;-0.00224372;0.00969487;
0.00138158;-0.00225328;0.00973644;
0.00138358;-0.00224372;0.0096949;
0.00138558;-0.00225325;0.00973634;
0.00138758;-0.00224375;0.00969504;
0.00138958;-0.00225321;0.00973614;
0.00139158;-0.00224381;0.00969527;
0.00139358;-0.00225315;0.00973587;
0.00139558;-0.00224387;0.00969556;
0.00139758;-0.00225307;0.00973553;
0.00139958;-0.00224395;0.0096959;
0.00140158;-0.00225298;0.00973515;
0.00140358;-0.00224404;0.00969629;
0.00140558;-0.00225288;0.00973473;
0.00140758;-0.00224414;0.00969671;
0.00140958;-0.00225278;0.00973427;
0.00141158;-0.00224424;0.00969717;
0.00141358;-0.00225267;0.00973379;
0.00141558;-0.00224435;0.00969765;
0.00141758;-0.00225255;0.00973328;
0.00141958;-0.00224447;0.00969815;
0.00142158;-0.00225243;0.00973275;
0.00142358;-0.00224459;0.00969867;
0.00142558;-0.0022523;0.0097322;
0.00142758;-0.00224471;0.00969921;
0.00142958;-0.00225217;0.00973165;
0.00143158;-0.00224484;0.00969975;
0.00143358;-0.00225204;0.00973108;
0.00143558;-0.00224496;0.0097003;
0.00143758;-0.00225191;0.00973051;
0.00143958;-0.00224509;0.00970086;
0.00144158;-0.00225178;0.00972994;
0.00144358;-0.00224522;0.00970142;
0.00144558;-0.00225165;0.00972936;
0.00144758;-0.00224535;0.00970198;
0.00144958;-0.00225152;0.00972879;
0.00145158;-0.00224548;0.00970253;
0.00145358;-0.00225139;0.00972822;
0.00145558;-0.0022456;0.00970308;
0.00145758;-0.00225126;0.00972766;
0.00145958;-0.00224573;0.00970362;
0.00146158;-0.00225113;0.0097271;
0.00146358;-0.00224585;0.00970416;
0.00146558;-0.002251;0.00972656;
0.00146758;-0.00224597;0.00970468;
0.00146958;-0.00225088;0.00972602;
0.00147158;-0.00224609;0.00970519;
0.00147358;-0.00225076;0.0097255;
0.00147558;-0.0022462;0.00970569;
0.00147758;-0.00225064;0.009725;
0.00147958;-0.00224631;0.00970617;
0.00148158;-0.00225053;0.00972451;
0.00148358;-0.00224642;0.00970662;
0.00148558;-0.00225043;0.00972405;
0.00148758;-0.00224652;0.00970705;
0.00148958;-0.00225033;0.00972362;
0.00149158;-0.00224661;0.00970744;
0.00149358;-0.00225024;0.00972323;
0.00149558;-0.00224669;0.00970779;
0.00149758;-0.00225016;0.00972289;
0.00149958;-0.00224675;0.00970808;
0.0015;-0.00224993;0.00972188;
0.0015002;-0.00224582;0.00970403;
0.00150034;-0.00224582;0.00970404;
0.00150048;-0.00224646;0.00970682;
0.00150063;-0.00224578;0.00970384;
0.00150094;-0.00224508;0.00970082;
0.00150156;-0.00224265;0.00969024;
0.00150279;-0.0022384;0.00967179;
0.00150479;-0.00223097;0.00963948;
0.00150679;-0.00222388;0.00960867;
0.00150879;-0.0022164;0.00957614;
0.00151079;-0.00220921;0.00954491;
0.00151279;-0.00220165;0.00951202;
0.00151479;-0.00219433;0.00948021;
0.00151679;-0.00218661;0.00944668;
0.00151879;-0.00217902;0.00941369;
0.00152079;-0.00217093;0.00937851;
0.00152279;-0.00216298;0.00934395;
0.00152479;-0.00215479;0.00930839;
0.00152679;-0.00214679;0.00927363;
0.00152879;-0.0021385;0.00923757;
0.00153079;-0.0021303;0.00920195;
0.00153279;-0.0021218;0.00916502;
0.00153479;-0.00211335;0.0091283;
0.00153679;-0.00210459;0.00909025;
0.00153879;-0.00209582;0.00905216;
0.00154079;-0.00208673;0.00901263;
0.00154279;-0.00207755;0.00897274;
0.00154479;-0.00206799;0.00893121;
0.00154679;-0.00205825;0.00888891;
0.00154879;-0.00204806;0.00884464;
0.00155;-0.00204178;0.00881736;
0.0015502;-0.00204126;0.00881509;
0.0015506;-0.00204076;0.00881294;
0.0015514;-0.00204077;0.00881297;
0.001553;-0.00204071;0.00881271;
0.001555;-0.00204068;0.00881257;
0.001557;-0.00204064;0.0088124;
0.001559;-0.00204063;0.00881235;
0.001561;-0.00204061;0.00881228;
0.001563;-0.00204061;0.00881227;
0.001565;-0.0020406;0.00881223;
0.001567;-0.0020406;0.00881224;
0.001569;-0.0020406;0.00881221;
0.001571;-0.0020406;0.00881222;
0.001573;-0.0020406;0.00881221;
0.001575;-0.0020406;0.00881222;
0.001577;-0.0020406;0.0088122;
0.001579;-0.0020406;0.00881221;
0.001581;-0.00204059;0.0088122;
0.001583;-0.0020406;0.00881221;
0.001585;-0.00204059;0.0088122;
0.001587;-0.0020406;0.00881221;
0.001589;-0.0020406;0.0088122;
0.001591;-0.0020406;0.00881221;
0.001593;-0.0020406;0.0088122;
0.001595;-0.0020406;0.00881221;
0.001597;-0.0020406;0.0088122;
0.001599;-0.0020406;0.00881221;
0.001601;-0.0020406;0.0088122;
0.001603;-0.0020406;0.00881221;
0.001605;-0.0020406;0.0088122;
0.001607;-0.0020406;0.00881221;
0.001609;-0.0020406;0.00881221;
0.001611;-0.0020406;0.00881221;
0.001613;-0.0020406;0.00881221;
0.001615;-0.0020406;0.00881221;
0.001617;-0.0020406;0.00881221;
0.001619;-0.0020406;0.00881221;
0.001621;-0.0020406;0.00881221;
0.001623;-0.0020406;0.00881221;
0.001625;-0.0020406;0.00881221;
0.0016252;-0.00204512;0.00883185;
0.0016256;-0.00204554;0.00883371;
0.0016264;-0.00197633;0.00853306;
0.001627;-0.00115161;0.00495612;
0.00162716;-0.000914899;0.00393196;
0.00162748;-0.000641914;0.00275287;
0.00162812;-0.000449355;0.00192294;
0.0016294;-0.000311072;0.00132822;
0.0016314;-0.000196774;0.000837854;
0.0016334;-0.000130076;0.000552465;
0.0016354;-9.07729e-05;0.00038469;
0.0016374;-6.65872e-05;0.000281659;
0.0016394;-5.10511e-05;0.000215591;
0.0016414;-4.064e-05;0.000171385;
0.0016434;-3.33794e-05;0.000140596;
0.0016454;-2.81279e-05;0.000118352;
0.0016474;-2.42039e-05;0.000101747;
0.0016494;-2.11868e-05;8.89912e-05;
0.0016514;-1.88085e-05;7.89435e-05;
0.0016534;-1.68928e-05;7.08559e-05;
0.0016554;-1.53207e-05;6.42233e-05;
0.0016574;-1.40097e-05;5.86953e-05;
0.0016594;-1.29011e-05;5.4023e-05;
0.0016614;-1.19521e-05;5.00254e-05;
0.0016634;-1.1131e-05;4.65685e-05;
0.0016654;-1.04141e-05;4.35509e-05;
0.0016674;-9.78273e-06;4.08949e-05;
0.0016694;-9.22273e-06;3.85399e-05;
0.0016714;-8.72271e-06;3.64378e-05;
0.0016734;-8.27361e-06;3.45505e-05;
0.0016754;-7.86807e-06;3.28467e-05;
0.0016774;-7.50011e-06;3.13013e-05;
0.0016794;-7.16475e-06;2.98932e-05;
0.0016814;-6.85787e-06;2.86051e-05;
0.0016834;-6.57601e-06;2.74223e-05;
0.0016854;-6.31625e-06;2.63325e-05;
0.0016874;-6.0761e-06;2.53252e-05;
0.0016894;-5.85343e-06;2.43915e-05;
0.0016914;-5.64641e-06;2.35235e-05;
0.0016934;-5.45345e-06;2.27147e-05;
0.0016954;-5.27316e-06;2.19592e-05;
0.0016974;-5.10436e-06;2.1252e-05;
0.0016994;-4.94597e-06;2.05885e-05;
0.0017014;-4.79706e-06;1.99648e-05;
0.0017034;-4.65682e-06;1.93776e-05;
0.0017054;-4.52451e-06;1.88236e-05;
0.0017074;-4.39947e-06;1.83002e-05;
0.0017094;-4.28113e-06;1.7805e-05;
0.0017114;-4.16896e-06;1.73356e-05;
0.0017134;-4.06249e-06;1.68902e-05;
0.0017154;-3.96131e-06;1.64669e-05;
0.0017174;-3.86502e-06;1.60642e-05;
0.0017194;-3.77329e-06;1.56806e-05;
0.0017214;-3.68579e-06;1.53147e-05;
0.0017234;-3.60225e-06;1.49655e-05;
0.0017254;-3.52239e-06;1.46317e-05;
0.0017274;-3.44599e-06;1.43123e-05;
0.0017294;-3.37282e-06;1.40066e-05;
0.0017314;-3.30268e-06;1.37135e-05;
0.0017334;-3.23539e-06;1.34324e-05;
0.0017354;-3.17078e-06;1.31625e-05;
0.0017374;-3.10869e-06;1.29031e-05;
0.0017394;-3.04898e-06;1.26538e-05;
0.0017414;-2.99151e-06;1.24138e-05;
0.0017434;-2.93616e-06;1.21827e-05;
0.0017454;-2.88282e-06;1.196e-05;
0.0017474;-2.83137e-06;1.17452e-05;
0.0017494;-2.78173e-06;1.1538e-05;
0.0017514;-2.73379e-06;1.1338e-05;
0.0017534;-2.68747e-06;1.11447e-05;
0.0017554;-2.64269e-06;1.09578e-05;
0.0017574;-2.59937e-06;1.07771e-05;
0.0017594;-2.55745e-06;1.06022e-05;
0.0017614;-2.51686e-06;1.04329e-05;
0.0017634;-2.47753e-06;1.02688e-05;
0.0017654;-2.4394e-06;1.01099e-05;
0.0017674;-2.40243e-06;9.95569e-06;
0.0017694;-2.36657e-06;9.80613e-06;
0.0017714;-2.33175e-06;9.66098e-06;
0.0017734;-2.29794e-06;9.52004e-06;
0.0017754;-2.2651e-06;9.38312e-06;
0.0017774;-2.23318e-06;9.25006e-06;
0.0017794;-2.20214e-06;9.12071e-06;
0.0017814;-2.17196e-06;8.99492e-06;
0.0017834;-2.14259e-06;8.87252e-06;
0.0017854;-2.114e-06;8.7534e-06;
0.0017874;-2.08616e-06;8.63742e-06;
0.0017894;-2.05904e-06;8.52445e-06;
0.0017914;-2.03262e-06;8.41439e-06;
0.0017934;-2.00687e-06;8.30711e-06;
0.0017954;-1.98176e-06;8.20253e-06;
0.0017974;-1.95727e-06;8.10053e-06;
0.0017994;-1.93337e-06;8.00103e-06;
0.0018014;-1.91005e-06;7.90393e-06;
0.0018034;-1.88729e-06;7.80915e-06;
0.0018054;-1.86506e-06;7.7166e-06;
0.0018074;-1.84335e-06;7.62621e-06;
0.0018094;-1.82214e-06;7.5379e-06;
0.0018114;-1.80141e-06;7.4516e-06;
0.0018134;-1.78114e-06;7.36725e-06;
0.0018154;-1.76132e-06;7.28478e-06;
0.0018174;-1.74194e-06;7.20413e-06;
0.0018194;-1.72298e-06;7.12523e-06;
0.0018214;-1.70443e-06;7.04803e-06;
0.0018234;-1.68628e-06;6.97249e-06;
0.0018254;-1.6685e-06;6.89853e-06;
0.0018274;-1.6511e-06;6.82612e-06;
0.0018294;-1.63405e-06;6.75521e-06;
0.0018314;-1.61735e-06;6.68575e-06;
0.0018334;-1.60099e-06;6.6177e-06;
0.0018354;-1.58496e-06;6.55101e-06;
0.0018374;-1.56924e-06;6.48565e-06;
0.0018394;-1.55383e-06;6.42157e-06;
0.0018414;-1.53873e-06;6.35875e-06;
0.0018434;-1.52391e-06;6.29713e-06;
0.0018454;-1.50937e-06;6.23669e-06;
0.0018474;-1.49511e-06;6.17739e-06;
0.0018494;-1.48111e-06;6.11921e-06;
0.0018514;-1.46738e-06;6.06211e-06;
0.0018534;-1.4539e-06;6.00605e-06;
0.0018554;-1.44066e-06;5.95102e-06;
0.0018574;-1.42766e-06;5.89699e-06;
0.0018594;-1.41489e-06;5.84392e-06;
0.0018614;-1.40235e-06;5.7918e-06;
0.0018634;-1.39003e-06;5.74059e-06;
0.0018654;-1.37792e-06;5.69028e-06;
0.0018674;-1.36602e-06;5.64084e-06;
0.0018694;-1.35432e-06;5.59224e-06;
0.0018714;-1.34283e-06;5.54448e-06;
0.0018734;-1.33152e-06;5.49751e-06;
0.0018754;-1.32041e-06;5.45134e-06;
0.0018774;-1.30948e-06;5.40592e-06;
0.0018794;-1.29873e-06;5.36126e-06;
0.0018814;-1.28815e-06;5.31733e-06;
0.0018834;-1.27774e-06;5.2741e-06;
0.0018854;-1.2675e-06;5.23157e-06;
0.0018874;-1.25743e-06;5.18972e-06;
0.0018894;-1.24751e-06;5.14853e-06;
0.0018914;-1.23775e-06;5.10798e-06;
0.0018934;-1.22813e-06;5.06807e-06;
0.0018954;-1.21867e-06;5.02877e-06;
0.0018974;-1.20935e-06;4.99008e-06;
0.0018994;-1.20017e-06;4.95197e-06;
0.0019014;-1.19113e-06;4.91444e-06;
0.0019034;-1.18223e-06;4.87747e-06;
0.0019054;-1.17345e-06;4.84105e-06;
0.0019074;-1.16481e-06;4.80517e-06;
0.0019094;-1.15629e-06;4.76981e-06;
0.0019114;-1.1479e-06;4.73497e-06;
0.0019134;-1.13963e-06;4.70063e-06;
0.0019154;-1.13147e-06;4.66678e-06;
0.0019174;-1.12343e-06;4.63342e-06;
0.0019194;-1.11551e-06;4.60052e-06;
0.0019214;-1.10769e-06;4.56809e-06;
0.0019234;-1.09999e-06;4.53611e-06;
0.0019254;-1.09239e-06;4.50458e-06;
0.0019274;-1.08489e-06;4.47348e-06;
0.0019294;-1.0775e-06;4.4428e-06;
0.0019314;-1.0702e-06;4.41254e-06;
0.0019334;-1.06301e-06;4.38268e-06;
0.0019354;-1.05591e-06;4.35323e-06;
0.0019374;-1.0489e-06;4.32417e-06;
0.0019394;-1.04199e-06;4.29549e-06;
0.0019414;-1.03517e-06;4.26719e-06;
0.0019434;-1.02843e-06;4.23925e-06;
0.0019454;-1.02178e-06;4.21168e-06;
0.0019474;-1.01522e-06;4.18446e-06;
0.0019494;-1.00874e-06;4.1576e-06;
0.0019514;-1.00235e-06;4.13107e-06;
0.0019534;-9.96033e-07;4.10488e-06;
0.0019554;-9.89796e-07;4.07901e-06;
0.0019574;-9.83637e-07;4.05347e-06;
0.0019594;-9.77554e-07;4.02825e-06;
0.0019614;-9.71546e-07;4.00334e-06;
0.0019634;-9.65611e-07;3.97873e-06;
0.0019654;-9.59748e-07;3.95442e-06;
0.0019674;-9.53956e-07;3.9304e-06;
0.0019694;-9.48233e-07;3.90668e-06;
0.0019714;-9.42578e-07;3.88324e-06;
0.0019734;-9.36991e-07;3.86007e-06;
0.0019754;-9.31469e-07;3.83718e-06;
0.0019774;-9.26012e-07;3.81456e-06;
0.0019794;-9.20618e-07;3.7922e-06;
0.0019814;-9.15287e-07;3.7701e-06;
0.0019834;-9.10017e-07;3.74826e-06;
0.0019854;-9.04807e-07;3.72667e-06;
0.0019874;-8.99657e-07;3.70532e-06;
0.0019894;-8.94565e-07;3.68422e-06;
0.0019914;-8.8953e-07;3.66335e-06;
0.0019934;-8.84552e-07;3.64272e-06;
0.0019954;-8.79628e-07;3.62232e-06;
0.0019974;-8.7476e-07;3.60215e-06;
0.0019994;-8.69945e-07;3.58219e-06;
0.002;-8.6851e-07;3.57625e-06;
0.0020002;-8.68034e-07;3.57428e-06;
0.0020006;-8.67081e-07;3.57033e-06;
0.0020014;-8.65182e-07;3.56246e-06;
0.002003;-8.6141e-07;3.54683e-06;
0.002005;-8.5674e-07;3.52748e-06;
0.002007;-8.5212e-07;3.50834e-06;
0.002009;-8.4755e-07;3.48941e-06;
0.002011;-8.43029e-07;3.47068e-06;
0.002013;-8.38556e-07;3.45215e-06;
0.002015;-8.3413e-07;3.43381e-06;
0.002017;-8.2975e-07;3.41567e-06;
0.002019;-8.25416e-07;3.39772e-06;
0.002021;-8.21127e-07;3.37995e-06;
0.002023;-8.16882e-07;3.36237e-06;
0.002025;-8.12681e-07;3.34497e-06;
0.002027;-8.08523e-07;3.32775e-06;
0.002029;-8.04408e-07;3.3107e-06;
0.002031;-8.00333e-07;3.29383e-06;
0.002033;-7.963e-07;3.27713e-06;
0.002035;-7.92308e-07;3.26059e-06;
0.002037;-7.88355e-07;3.24422e-06;
0.002039;-7.84441e-07;3.22802e-06;
0.002041;-7.80566e-07;3.21197e-06;
0.002043;-7.76729e-07;3.19608e-06;
0.002045;-7.7293e-07;3.18035e-06;
0.002047;-7.69167e-07;3.16477e-06;
0.002049;-7.65441e-07;3.14934e-06;
0.00205;-7.63592e-07;3.14169e-06;
0.0020502;-7.63223e-07;3.14016e-06;
0.0020506;-7.62486e-07;3.13711e-06;
0.0020514;-7.61017e-07;3.13103e-06;
0.002053;-7.58096e-07;3.11894e-06;
0.002055;-7.54476e-07;3.10395e-06;
0.002057;-7.50891e-07;3.08911e-06;
0.002059;-7.47339e-07;3.0744e-06;
0.002061;-7.43821e-07;3.05984e-06;
0.002063;-7.40336e-07;3.04541e-06;
0.002065;-7.36883e-07;3.03112e-06;
0.002067;-7.33462e-07;3.01696e-06;
0.002069;-7.30073e-07;3.00293e-06;
0.002071;-7.26715e-07;2.98903e-06;
0.002073;-7.23388e-07;2.97526e-06;
0.002075;-7.20091e-07;2.96162e-06;
0.002077;-7.16824e-07;2.9481e-06;
0.002079;-7.13586e-07;2.9347e-06;
0.002081;-7.10378e-07;2.92142e-06;
0.002083;-7.07198e-07;2.90826e-06;
0.002085;-7.04047e-07;2.89522e-06;
0.002087;-7.00923e-07;2.88229e-06;
0.002089;-6.97827e-07;2.86948e-06;
0.002091;-6.94759e-07;2.85679e-06;
0.002093;-6.91717e-07;2.8442e-06;
0.002095;-6.88701e-07;2.83172e-06;
0.002097;-6.85712e-07;2.81936e-06;
0.002099;-6.82749e-07;2.80709e-06;
0.002101;-6.79811e-07;2.79494e-06;
0.002103;-6.76898e-07;2.78289e-06;
0.002105;-6.7401e-07;2.77094e-06;
0.002107;-6.71147e-07;2.7591e-06;
0.002109;-6.68308e-07;2.74735e-06;
0.002111;-6.65493e-07;2.73571e-06;
0.002113;-6.62701e-07;2.72416e-06;
0.002115;-6.59933e-07;2.71271e-06;
0.002117;-6.57187e-07;2.70135e-06;
0.002119;-6.54465e-07;2.69009e-06;
0.002121;-6.51765e-07;2.67892e-06;
0.002123;-6.49087e-07;2.66784e-06;
0.002125;-6.4643e-07;2.65686e-06;
0.0021252;-5.51547e-07;2.26462e-06;
0.0021256;-2.99003e-07;1.22295e-06;
0.0021264;-1.88212e-08;7.56346e-08;
0.002127;-3.13186e-07;1.28134e-06;
0.00212716;-1.67579e-05;7.02862e-05;
0.00212748;-0.019739;0.0864004;
0.00212812;-0.0362403;0.159198;
0.00212842;-1.78172e-05;7.4758e-05;
0.00212873;-3.41397e-08;1.37719e-07;
0.00212898;-1.58138e-08;6.34777e-08;
0.00212922;-2.06215e-06;8.53739e-06;
0.00212953;-0.000259376;0.00110626;
0.0021299;-0.000802737;0.00344721;
0.00213046;-0.00261715;0.0113189;
0.00213104;-0.00187924;0.00811138;
0.0021322;-0.00260232;0.0112544;
0.00213358;-0.00190612;0.00822813;
0.00213558;-0.00258088;0.0111611;
0.00213758;-0.00192469;0.00830876;
0.00213958;-0.00256221;0.0110799;
0.00214158;-0.00194342;0.00839009;
0.00214358;-0.00254369;0.0109993;
0.00214558;-0.00196188;0.00847028;
0.00214758;-0.00252554;0.0109203;
0.00214958;-0.00197987;0.00854841;
0.00215158;-0.00250789;0.0108436;
0.00215358;-0.00199731;0.00862416;
0.00215558;-0.00249084;0.0107694;
0.00215758;-0.00201408;0.00869701;
0.00215958;-0.00247447;0.0106982;
0.00216158;-0.00203015;0.00876681;
0.00216358;-0.00245881;0.0106301;
0.00216558;-0.0020455;0.0088335;
0.00216758;-0.00244386;0.0105651;
0.00216958;-0.00206011;0.00889697;
0.00217158;-0.00242966;0.0105033;
0.00217358;-0.00207396;0.00895718;
0.00217558;-0.00241622;0.0104449;
0.00217758;-0.00208706;0.00901409;
0.00217958;-0.00240352;0.0103896;
0.00218158;-0.00209942;0.00906777;
0.00218358;-0.00239155;0.0103376;
0.00218558;-0.00211105;0.00911831;
0.00218758;-0.00238028;0.0102886;
0.00218958;-0.00212209;0.00916627;
0.00219158;-0.00236953;0.0102419;
0.00219358;-0.00213244;0.00921124;
0.00219558;-0.0023596;0.0101987;
0.00219758;-0.00214202;0.00925288;
0.00219958;-0.0023504;0.0101587;
0.00220158;-0.0021509;0.00929149;
0.00220358;-0.00234189;0.0101217;
0.00220558;-0.00215909;0.00932706;
0.00220758;-0.00233398;0.0100873;
0.00220958;-0.00216675;0.00936035;
0.00221158;-0.00232658;0.0100551;
0.00221358;-0.0021739;0.00939143;
0.00221558;-0.00231969;0.0100251;
0.00221758;-0.00218056;0.00942039;
0.00221958;-0.00231327;0.00999724;
0.00222158;-0.00218676;0.00944732;
0.00222358;-0.0023073;0.00997131;
0.00222558;-0.00219251;0.00947233;
0.00222758;-0.00230177;0.00994723;
0.00222958;-0.00219785;0.00949554;
0.00223158;-0.00229663;0.00992491;
0.00223358;-0.0022028;0.00951704;
0.00223558;-0.00229188;0.00990424;
0.00223758;-0.00220738;0.00953694;
0.00223958;-0.00228748;0.00988512;
0.00224158;-0.00221173;0.00955583;
0.00224358;-0.00228322;0.0098666;
0.00224558;-0.00221573;0.00957325;
0.00224758;-0.00227944;0.00985015;
0.00224958;-0.00221934;0.00958891;
0.00225158;-0.00227601;0.00983524;
0.00225358;-0.00222262;0.00960318;
0.00225558;-0.00227287;0.0098216;
0.00225758;-0.00222563;0.00961626;
0.00225958;-0.00226999;0.00980908;
0.00226158;-0.0022284;0.00962829;
0.00226358;-0.00226734;0.00979755;
0.00226558;-0.00223094;0.00963936;
0.00226758;-0.0022649;0.00978695;
0.00226958;-0.00223328;0.00964953;
0.00227158;-0.00226266;0.0097772;
0.00227358;-0.00223543;0.00965887;
0.00227558;-0.0022606;0.00976826;
0.00227758;-0.0022374;0.00966743;
0.00227958;-0.00225872;0.00976008;
0.00228158;-0.0022392;0.00967527;
0.00228358;-0.00225699;0.00975259;
0.00228558;-0.00224085;0.00968242;
0.00228758;-0.00225542;0.00974577;
0.00228958;-0.00224235;0.00968894;
0.00229158;-0.00225399;0.00973955;
0.00229358;-0.00224371;0.00969486;
0.00229558;-0.0022527;0.00973391;
0.00229758;-0.00224495;0.00970023;
0.00229958;-0.00225152;0.00972881;
0.00230158;-0.00224606;0.00970508;
0.00230358;-0.00225046;0.0097242;
0.00230558;-0.00224707;0.00970944;
0.00230758;-0.00224951;0.00972006;
0.00230958;-0.00224797;0.00971336;
0.00231158;-0.00224866;0.00971635;
0.00231358;-0.00224877;0.00971686;
0.00231558;-0.00224789;0.00971304;
0.00231758;-0.00224962;0.00972056;
0.00231958;-0.00224698;0.00970908;
0.00232158;-0.00225039;0.0097239;
0.00232358;-0.00224633;0.00970622;
0.00232558;-0.00225097;0.00972641;
0.00232758;-0.00224581;0.00970398;
0.00232958;-0.00225143;0.00972843;
0.00233158;-0.00224539;0.00970215;
0.00233358;-0.00225182;0.0097301;
0.00233558;-0.00224504;0.00970061;
0.00233758;-0.00225214;0.0097315;
0.00233958;-0.00224474;0.00969932;
0.00234158;-0.00225241;0.00973268;
0.00234358;-0.00224449;0.00969822;
0.00234558;-0.00225264;0.00973368;
0.00234758;-0.00224427;0.0096973;
0.00234958;-0.00225283;0.00973451;
0.00235158;-0.0022441;0.00969655;
0.00235358;-0.00225299;0.00973518;
0.00235558;-0.00224396;0.00969594;
0.00235758;-0.00225311;0.00973571;
0.00235958;-0.00224385;0.00969546;
0.00236158;-0.0022532;0.00973611;
0.00236358;-0.00224377;0.00969511;
0.00236558;-0.00225327;0.0097364;
0.00236758;-0.00224371;0.00969486;
0.00236958;-0.00225331;0.00973657;
0.00237158;-0.00224368;0.00969473;
0.00237358;-0.00225331;0.00973658;
0.00237558;-0.0022437;0.0096948;
0.00237758;-0.00225329;0.0097365;
0.00237958;-0.00224372;0.00969487;
0.00238158;-0.00225328;0.00973644;
0.00238358;-0.00224372;0.0096949;
0.00238558;-0.00225325;0.00973634;
0.00238758;-0.00224375;0.00969504;
0.00238958;-0.00225321;0.00973614;
0.00239158;-0.00224381;0.00969527;
0.00239358;-0.00225315;0.00973587;
0.00239558;-0.00224387;0.00969556;
0.00239758;-0.00225307;0.00973553;
0.00239958;-0.00224395;0.0096959;
0.00240158;-0.00225298;0.00973515;
0.00240358;-0.00224404;0.00969629;
0.00240558;-0.00225288;0.00973473;
0.00240758;-0.00224414;0.00969671;
0.00240958;-0.00225278;0.00973427;
0.00241158;-0.00224424;0.00969717;
0.00241358;-0.00225267;0.00973379;
0.00241558;-0.00224435;0.00969765;
0.00241758;-0.00225255;0.00973328;
0.00241958;-0.00224447;0.00969815;
0.00242158;-0.00225243;0.00973275;
0.00242358;-0.00224459;0.00969867;
0.00242558;-0.0022523;0.0097322;
0.00242758;-0.00224471;0.00969921;
0.00242958;-0.00225217;0.00973165;
0.00243158;-0.00224484;0.00969975;
0.00243358;-0.00225204;0.00973108;
0.00243558;-0.00224496;0.0097003;
0.00243758;-0.00225191;0.00973051;
0.00243958;-0.00224509;0.00970086;
0.00244158;-0.00225178;0.00972994;
0.00244358;-0.00224522;0.00970142;
0.00244558;-0.00225165;0.00972936;
0.00244758;-0.00224535;0.00970198;
0.00244958;-0.00225152;0.00972879;
0.00245158;-0.00224548;0.00970253;
0.00245358;-0.00225139;0.00972822;
0.00245558;-0.0022456;0.00970308;
0.00245758;-0.00225126;0.00972766;
0.00245958;-0.00224573;0.00970362;
0.00246158;-0.00225113;0.0097271;
0.00246358;-0.00224585;0.00970416;
0.00246558;-0.002251;0.00972656;
0.00246758;-0.00224597;0.00970468;
0.00246958;-0.00225088;0.00972602;
0.00247158;-0.00224609;0.00970519;
0.00247358;-0.00225076;0.0097255;
0.00247558;-0.0022462;0.00970569;
0.00247758;-0.00225064;0.009725;
0.00247958;-0.00224631;0.00970617;
0.00248158;-0.00225053;0.00972451;
0.00248358;-0.00224642;0.00970662;
0.00248558;-0.00225043;0.00972405;
0.00248758;-0.00224652;0.00970705;
0.00248958;-0.00225033;0.00972362;
0.00249158;-0.00224661;0.00970744;
0.00249358;-0.00225024;0.00972323;
0.00249558;-0.00224669;0.00970779;
0.00249758;-0.00225016;0.00972289;
0.00249958;-0.00224675;0.00970808;
0.0025;-0.00224993;0.00972188;
0.0025002;-0.00224582;0.00970403;
0.00250034;-0.00224582;0.00970404;
0.00250048;-0.00224646;0.00970682;
0.00250063;-0.00224578;0.00970384;
0.00250094;-0.00224508;0.00970082;
0.00250156;-0.00224265;0.00969024;
0.00250279;-0.0022384;0.00967179;
0.00250479;-0.00223097;0.00963948;
0.00250679;-0.00222388;0.00960867;
0.00250879;-0.0022164;0.00957614;
0.00251079;-0.00220921;0.00954491;
0.00251279;-0.00220165;0.00951202;
0.00251479;-0.00219433;0.00948021;
0.00251679;-0.00218661;0.00944668;
0.00251879;-0.00217902;0.00941369;
0.00252079;-0.00217093;0.00937851;
0.00252279;-0.00216298;0.00934395;
0.00252479;-0.00215479;0.00930839;
0.00252679;-0.00214679;0.00927363;
0.00252879;-0.0021385;0.00923757;
0.00253079;-0.0021303;0.00920195;
0.00253279;-0.0021218;0.00916502;
0.00253479;-0.00211335;0.0091283;
0.00253679;-0.00210459;0.00909025;
0.00253879;-0.00209582;0.00905216;
0.00254079;-0.00208673;0.00901263;
0.00254279;-0.00207755;0.00897274;
0.00254479;-0.00206799;0.00893121;
0.00254679;-0.00205825;0.00888891;
0.00254879;-0.00204806;0.00884464;
0.00255;-0.00204178;0.00881736;
0.0025502;-0.00204126;0.00881509;
0.0025506;-0.00204076;0.00881294;
0.0025514;-0.00204077;0.00881297;
0.002553;-0.00204071;0.00881271;
0.002555;-0.00204068;0.00881257;
0.002557;-0.00204064;0.0088124;
0.002559;-0.00204063;0.00881235;
0.002561;-0.00204061;0.00881228;
0.002563;-0.00204061;0.00881227;
0.002565;-0.0020406;0.00881223;
0.002567;-0.0020406;0.00881224;
0.002569;-0.0020406;0.00881221;
0.002571;-0.0020406;0.00881222;
0.002573;-0.0020406;0.00881221;
0.002575;-0.0020406;0.00881222;
0.002577;-0.0020406;0.0088122;
0.002579;-0.0020406;0.00881221;
0.002581;-0.00204059;0.0088122;
0.002583;-0.0020406;0.00881221;
0.002585;-0.00204059;0.0088122;
0.002587;-0.0020406;0.00881221;
0.002589;-0.0020406;0.0088122;
0.002591;-0.0020406;0.00881221;
0.002593;-0.0020406;0.0088122;
0.002595;-0.0020406;0.00881221;
0.002597;-0.0020406;0.0088122;
0.002599;-0.0020406;0.00881221;
0.002601;-0.0020406;0.0088122;
0.002603;-0.0020406;0.00881221;
0.002605;-0.0020406;0.0088122;
0.002607;-0.0020406;0.00881221;
0.002609;-0.0020406;0.00881221;
0.002611;-0.0020406;0.00881221;
0.002613;-0.0020406;0.00881221;
0.002615;-0.0020406;0.00881221;
0.002617;-0.0020406;0.00881221;
0.002619;-0.0020406;0.00881221;
0.002621;-0.0020406;0.00881221;
0.002623;-0.0020406;0.00881221;
0.002625;-0.0020406;0.00881221;
0.0026252;-0.00204512;0.00883185;
0.0026256;-0.00204554;0.00883371;
0.0026264;-0.00197633;0.00853306;
0.002627;-0.00115161;0.00495612;
0.00262716;-0.000914899;0.00393196;
0.00262748;-0.000641914;0.00275287;
0.00262812;-0.000449355;0.00192294;
0.0026294;-0.000311072;0.00132822;
0.0026314;-0.000196774;0.000837854;
0.0026334;-0.000130076;0.000552465;
0.0026354;-9.07729e-05;0.00038469;
0.0026374;-6.65872e-05;0.000281659;
0.0026394;-5.10511e-05;0.000215591;
0.0026414;-4.064e-05;0.000171385;
0.0026434;-3.33794e-05;0.000140596;
0.0026454;-2.81279e-05;0.000118352;
0.0026474;-2.42039e-05;0.000101747;
0.0026494;-2.11868e-05;8.89912e-05;
0.0026514;-1.88085e-05;7.89435e-05;
0.0026534;-1.68928e-05;7.08559e-05;
0.0026554;-1.53207e-05;6.42233e-05;
0.0026574;-1.40097e-05;5.86953e-05;
0.0026594;-1.29011e-05;5.4023e-05;
0.0026614;-1.19521e-05;5.00254e-05;
0.0026634;-1.1131e-05;4.65685e-05;
0.0026654;-1.04141e-05;4.35509e-05;
0.0026674;-9.78273e-06;4.08949e-05;
0.0026694;-9.22273e-06;3.85399e-05;
0.0026714;-8.72271e-06;3.64378e-05;
0.0026734;-8.27361e-06;3.45505e-05;
0.0026754;-7.86807e-06;3.28467e-05;
0.0026774;-7.50011e-06;3.13013e-05;
0.0026794;-7.16475e-06;2.98932e-05;
0.0026814;-6.85787e-06;2.86051e-05;
0.0026834;-6.57601e-06;2.74223e-05;
0.0026854;-6.31625e-06;2.63325e-05;
0.0026874;-6.0761e-06;2.53252e-05;
0.0026894;-5.85343e-06;2.43915e-05;
0.0026914;-5.64641e-06;2.35235e-05;
0.0026934;-5.45345e-06;2.27147e-05;
0.0026954;-5.27316e-06;2.19592e-05;
0.0026974;-5.10436e-06;2.1252e-05;
0.0026994;-4.94597e-06;2.05885e-05;
0.0027014;-4.79706e-06;1.99648e-05;
0.0027034;-4.65682e-06;1.93776e-05;
0.0027054;-4.52451e-06;1.88236e-05;
0.0027074;-4.39947e-06;1.83002e-05;
0.0027094;-4.28113e-06;1.7805e-05;
0.0027114;-4.16896e-06;1.73356e-05;
0.0027134;-4.06249e-06;1.68902e-05;
0.0027154;-3.96131e-06;1.64669e-05;
0.0027174;-3.86502e-06;1.60642e-05;
0.0027194;-3.77329e-06;1.56806e-05;
0.0027214;-3.68579e-06;1.53147e-05;
0.0027234;-3.60225e-06;1.49655e-05;
0.0027254;-3.52239e-06;1.46317e-05;
0.0027274;-3.44599e-06;1.43123e-05;
0.0027294;-3.37282e-06;1.40066e-05;
0.0027314;-3.30268e-06;1.37135e-05;
0.0027334;-3.23539e-06;1.34324e-05;
0.0027354;-3.17078e-06;1.31625e-05;
0.0027374;-3.10869e-06;1.29031e-05;
0.0027394;-3.04898e-06;1.26538e-05;
0.0027414;-2.99151e-06;1.24138e-05;
0.0027434;-2.93616e-06;1.21827e-05;
0.0027454;-2.88282e-06;1.196e-05;
0.0027474;-2.83137e-06;1.17452e-05;
0.0027494;-2.78173e-06;1.1538e-05;
0.0027514;-2.73379e-06;1.1338e-05;
0.0027534;-2.68747e-06;1.11447e-05;
0.0027554;-2.64269e-06;1.09578e-05;
0.0027574;-2.59937e-06;1.07771e-05;
0.0027594;-2.55745e-06;1.06022e-05;
0.0027614;-2.51686e-06;1.04329e-05;
0.0027634;-2.47753e-06;1.02688e-05;
0.0027654;-2.4394e-06;1.01099e-05;
0.0027674;-2.40243e-06;9.95569e-06;
0.0027694;-2.36657e-06;9.80613e-06;
0.0027714;-2.33175e-06;9.66098e-06;
0.0027734;-2.29794e-06;9.52004e-06;
0.0027754;-2.2651e-06;9.38312e-06;
0.0027774;-2.23318e-06;9.25006e-06;
0.0027794;-2.20214e-06;9.12071e-06;
0.0027814;-2.17196e-06;8.99492e-06;
0.0027834;-2.14259e-06;8.87252e-06;
0.0027854;-2.114e-06;8.7534e-06;
0.0027874;-2.08616e-06;8.63742e-06;
0.0027894;-2.05904e-06;8.52445e-06;
0.0027914;-2.03262e-06;8.41439e-06;
0.0027934;-2.00687e-06;8.30711e-06;
0.0027954;-1.98176e-06;8.20253e-06;
0.0027974;-1.95727e-06;8.10053e-06;
0.0027994;-1.93337e-06;8.00103e-06;
0.0028014;-1.91005e-06;7.90393e-06;
0.0028034;-1.88729e-06;7.80915e-06;
0.0028054;-1.86506e-06;7.7166e-06;
0.0028074;-1.84335e-06;7.62621e-06;
0.0028094;-1.82214e-06;7.5379e-06;
0.0028114;-1.80141e-06;7.4516e-06;
0.0028134;-1.78114e-06;7.36725e-06;
0.0028154;-1.76132e-06;7.28478e-06;
0.0028174;-1.74194e-06;7.20413e-06;
0.0028194;-1.72298e-06;7.12523e-06;
0.0028214;-1.70443e-06;7.04803e-06;
0.0028234;-1.68628e-06;6.97249e-06;
0.0028254;-1.6685e-06;6.89853e-06;
0.0028274;-1.6511e-06;6.82612e-06;
0.0028294;-1.63405e-06;6.75521e-06;
0.0028314;-1.61735e-06;6.68575e-06;
0.0028334;-1.60099e-06;6.6177e-06;
0.0028354;-1.58496e-06;6.55101e-06;
0.0028374;-1.56924e-06;6.48565e-06;
0.0028394;-1.55383e-06;6.42157e-06;
0.0028414;-1.53873e-06;6.35875e-06;
0.0028434;-1.52391e-06;6.29713e-06;
0.0028454;-1.50937e-06;6.23669e-06;
0.0028474;-1.49511e-06;6.17739e-06;
0.0028494;-1.48111e-06;6.11921e-06;
0.0028514;-1.46738e-06;6.06211e-06;
0.0028534;-1.4539e-06;6.00605e-06;
0.0028554;-1.44066e-06;5.95102e-06;
0.0028574;-1.42766e-06;5.89699e-06;
0.0028594;-1.41489e-06;5.84392e-06;
0.0028614;-1.40235e-06;5.7918e-06;
0.0028634;-1.39003e-06;5.74059e-06;
0.0028654;-1.37792e-06;5.69028e-06;
0.0028674;-1.36602e-06;5.64084e-06;
0.0028694;-1.35432e-06;5.59224e-06;
0.0028714;-1.34283e-06;5.54448e-06;
0.0028734;-1.33152e-06;5.49751e-06;
0.0028754;-1.32041e-06;5.45134e-06;
0.0028774;-1.30948e-06;5.40592e-06;
0.0028794;-1.29873e-06;5.36126e-06;
0.0028814;-1.28815e-06;5.31733e-06;
0.0028834;-1.27774e-06;5.2741e-06;
0.0028854;-1.2675e-06;5.23157e-06;
0.0028874;-1.25743e-06;5.18972e-06;
0.0028894;-1.24751e-06;5.14853e-06;
0.0028914;-1.23775e-06;5.10798e-06;
0.0028934;-1.22813e-06;5.06807e-06;
0.0028954;-1.21867e-06;5.02877e-06;
0.0028974;-1.20935e-06;4.99008e-06;
0.0028994;-1.20017e-06;4.95197e-06;
0.0029014;-1.19113e-06;4.91444e-06;
0.0029034;-1.18223e-06;4.87747e-06;
0.0029054;-1.17345e-06;4.84105e-06;
0.0029074;-1.16481e-06;4.80517e-06;
0.0029094;-1.15629e-06;4.76981e-06;
0.0029114;-1.1479e-06;4.73497e-06;
0.0029134;-1.13963e-06;4.70063e-06;
0.0029154;-1.13147e-06;4.66678e-06;
0.0029174;-1.12343e-06;4.63342e-06;
0.0029194;-1.11551e-06;4.60052e-06;
0.0029214;-1.10769e-06;4.56809e-06;
0.0029234;-1.09999e-06;4.53611e-06;
0.0029254;-1.09239e-06;4.50458e-06;
0.0029274;-1.08489e-06;4.47348e-06;
0.0029294;-1.0775e-06;4.4428e-06;
0.0029314;-1.0702e-06;4.41254e-06;
0.0029334;-1.06301e-06;4.38268e-06;
0.0029354;-1.05591e-06;4.35323e-06;
0.0029374;-1.0489e-06;4.32417e-06;
0.0029394;-1.04199e-06;4.29549e-06;
0.0029414;-1.03517e-06;4.26719e-06;
0.0029434;-1.02843e-06;4.23925e-06;
0.0029454;-1.02178e-06;4.21168e-06;
0.0029474;-1.01522e-06;4.18446e-06;
0.0029494;-1.00874e-06;4.1576e-06;
0.0029514;-1.00235e-06;4.13107e-06;
0.0029534;-9.96033e-07;4.10488e-06;
0.0029554;-9.89796e-07;4.07901e-06;
0.0029574;-9.83637e-07;4.05347e-06;
0.0029594;-9.77554e-07;4.02825e-06;
0.0029614;-9.71546e-07;4.00334e-06;
0.0029634;-9.65611e-07;3.97873e-06;
0.0029654;-9.59748e-07;3.95442e-06;
0.0029674;-9.53956e-07;3.9304e-06;
0.0029694;-9.48233e-07;3.90668e-06;
0.0029714;-9.42578e-07;3.88324e-06;
0.0029734;-9.36991e-07;3.86007e-06;
0.0029754;-9.31469e-07;3.83718e-06;
0.0029774;-9.26012e-07;3.81456e-06;
0.0029794;-9.20618e-07;3.7922e-06;
0.0029814;-9.15287e-07;3.7701e-06;
0.0029834;-9.10017e-07;3.74826e-06;
0.0029854;-9.04807e-07;3.72667e-06;
0.0029874;-8.99657e-07;3.70532e-06;
0.0029894;-8.94565e-07;3.68422e-06;
0.0029914;-8.8953e-07;3.66335e-06;
0.0029934;-8.84552e-07;3.64272e-06;
0.0029954;-8.79628e-07;3.62232e-06;
0.0029974;-8.7476e-07;3.60215e-06;
0.0029994;-8.69945e-07;3.58219e-06;
0.003;-8.6851e-07;3.57625e-06;
0.0030002;-8.68034e-07;3.57428e-06;
0.0030006;-8.67081e-07;3.57033e-06;
0.0030014;-8.65182e-07;3.56246e-06;
0.003003;-8.6141e-07;3.54683e-06;
0.003005;-8.5674e-07;3.52748e-06;
0.003007;-8.5212e-07;3.50834e-06;
0.003009;-8.4755e-07;3.48941e-06;
0.003011;-8.43029e-07;3.47068e-06;
0.003013;-8.38556e-07;3.45215e-06;
0.003015;-8.3413e-07;3.43381e-06;
0.003017;-8.2975e-07;3.41567e-06;
0.003019;-8.25416e-07;3.39772e-06;
0.003021;-8.21127e-07;3.37995e-06;
0.003023;-8.16882e-07;3.36237e-06;
0.003025;-8.12681e-07;3.34497e-06;
0.003027;-8.08523e-07;3.32775e-06;
0.003029;-8.04408e-07;3.3107e-06;
0.003031;-8.00333e-07;3.29383e-06;
0.003033;-7.963e-07;3.27713e-06;
0.003035;-7.92308e-07;3.26059e-06;
0.003037;-7.88355e-07;3.24422e-06;
0.003039;-7.84441e-07;3.22802e-06;
0.003041;-7.80566e-07;3.21197e-06;
0.003043;-7.76729e-07;3.19608e-06;
0.003045;-7.7293e-07;3.18035e-06;
0.003047;-7.69167e-07;3.16477e-06;
0.003049;-7.65441e-07;3.14934e-06;
0.00305;-7.63592e-07;3.14169e-06;
0.0030502;-7.63223e-07;3.14016e-06;
0.0030506;-7.62486e-07;3.13711e-06;
0.0030514;-7.61017e-07;3.13103e-06;
0.003053;-7.58096e-07;3.11894e-06;
0.003055;-7.54476e-07;3.10395e-06;
0.003057;-7.50891e-07;3.08911e-06;
0.003059;-7.47339e-07;3.0744e-06;
0.003061;-7.43821e-07;3.05984e-06;
0.003063;-7.40336e-07;3.04541e-06;
0.003065;-7.36883e-07;3.03112e-06;
0.003067;-7.33462e-07;3.01696e-06;
0.003069;-7.30073e-07;3.00293e-06;
0.003071;-7.26715e-07;2.98903e-06;
0.003073;-7.23388e-07;2.97526e-06;
0.003075;-7.20091e-07;2.96162e-06;
0.003077;-7.16824e-07;2.9481e-06;
0.003079;-7.13586e-07;2.9347e-06;
0.003081;-7.10378e-07;2.92142e-06;
0.003083;-7.07198e-07;2.90826e-06;
0.003085;-7.04047e-07;2.89522e-06;
0.003087;-7.00923e-07;2.88229e-06;
0.003089;-6.97827e-07;2.86948e-06;
0.003091;-6.94759e-07;2.85679e-06;
0.003093;-6.91717e-07;2.8442e-06;
0.003095;-6.88701e-07;2.83172e-06;
0.003097;-6.85712e-07;2.81936e-06;
0.003099;-6.82749e-07;2.80709e-06;
0.003101;-6.79811e-07;2.79494e-06;
0.003103;-6.76898e-07;2.78289e-06;
0.003105;-6.7401e-07;2.77094e-06;
0.003107;-6.71147e-07;2.7591e-06;
0.003109;-6.68308e-07;2.74735e-06;
0.003111;-6.65493e-07;2.73571e-06;
0.003113;-6.62701e-07;2.72416e-06;
0.003115;-6.59933e-07;2.71271e-06;
0.003117;-6.57187e-07;2.70135e-06;
0.003119;-6.54465e-07;2.69009e-06;
0.003121;-6.51765e-07;2.67892e-06;
0.003123;-6.49087e-07;2.66784e-06;
0.003125;-6.4643e-07;2.65686e-06;
0.0031252;-5.51547e-07;2.26462e-06;
0.0031256;-2.99003e-07;1.22295e-06;
0.0031264;-1.88212e-08;7.56346e-08;
0.003127;-3.13186e-07;1.28134e-06;
0.00312716;-1.67579e-05;7.02862e-05;
0.00312748;-0.019739;0.0864004;
0.00312812;-0.0362403;0.159198;
0.00312842;-1.78172e-05;7.4758e-05;
0.00312873;-3.41397e-08;1.37719e-07;
0.00312898;-1.58138e-08;6.34777e-08;
0.00312922;-2.06215e-06;8.53739e-06;
0.00312953;-0.000259376;0.00110626;
0.0031299;-0.000802737;0.00344721;
0.00313046;-0.00261715;0.0113189;
0.00313104;-0.00187924;0.00811138;
0.0031322;-0.00260232;0.0112544;
0.00313358;-0.00190612;0.00822813;
0.00313558;-0.00258088;0.0111611;
0.00313758;-0.00192469;0.00830876;
0.00313958;-0.00256221;0.0110799;
0.00314158;-0.00194342;0.00839009;
0.00314358;-0.00254369;0.0109993;
0.00314558;-0.00196188;0.00847028;
0.00314758;-0.00252554;0.0109203;
0.00314958;-0.00197987;0.00854841;
0.00315158;-0.00250789;0.0108436;
0.00315358;-0.00199731;0.00862416;
0.00315558;-0.00249084;0.0107694;
0.00315758;-0.00201408;0.00869701;
0.00315958;-0.00247447;0.0106982;
0.00316158;-0.00203015;0.00876681;
0.00316358;-0.00245881;0.0106301;
0.00316558;-0.0020455;0.0088335;
0.00316758;-0.00244386;0.0105651;
0.00316958;-0.00206011;0.00889697;
0.00317158;-0.00242966;0.0105033;
0.00317358;-0.00207396;0.00895718;
0.00317558;-0.00241622;0.0104449;
0.00317758;-0.00208706;0.00901409;
0.00317958;-0.00240352;0.0103896;
0.00318158;-0.00209942;0.00906777;
0.00318358;-0.00239155;0.0103376;
0.00318558;-0.00211105;0.00911831;
0.00318758;-0.00238028;0.0102886;
0.00318958;-0.00212209;0.00916627;
0.00319158;-0.00236953;0.0102419;
0.00319358;-0.00213244;0.00921124;
0.00319558;-0.0023596;0.0101987;
0.00319758;-0.00214202;0.00925288;
0.00319958;-0.0023504;0.0101587;
0.00320158;-0.0021509;0.00929149;
0.00320358;-0.00234189;0.0101217;
0.00320558;-0.00215909;0.00932706;
0.00320758;-0.00233398;0.0100873;
0.00320958;-0.00216675;0.00936035;
0.00321158;-0.00232658;0.0100551;
0.00321358;-0.0021739;0.00939143;
0.00321558;-0.00231969;0.0100251;
0.00321758;-0.00218056;0.00942039;
0.00321958;-0.00231327;0.00999724;
0.00322158;-0.00218676;0.00944732;
0.00322358;-0.0023073;0.00997131;
0.00322558;-0.00219251;0.00947233;
0.00322758;-0.00230177;0.00994723;
0.00322958;-0.00219785;0.00949554;
0.00323158;-0.00229663;0.00992491;
0.00323358;-0.0022028;0.00951704;
0.00323558;-0.00229188;0.00990424;
0.00323758;-0.00220738;0.00953694;
0.00323958;-0.00228748;0.00988512;
0.00324158;-0.00221173;0.00955583;
0.00324358;-0.00228322;0.0098666;
0.00324558;-0.00221573;0.00957325;
0.00324758;-0.00227944;0.00985015;
0.00324958;-0.00221934;0.00958891;
0.00325158;-0.00227601;0.00983524;
0.00325358;-0.00222262;0.00960318;
0.00325558;-0.00227287;0.0098216;
0.00325758;-0.00222563;0.00961626;
0.00325958;-0.00226999;0.00980908;
0.00326158;-0.0022284;0.00962829;
0.00326358;-0.00226734;0.00979755;
0.00326558;-0.00223094;0.00963936;
0.00326758;-0.0022649;0.00978695;
0.00326958;-0.00223328;0.00964953;
0.00327158;-0.00226266;0.0097772;
0.00327358;-0.00223543;0.00965887;
0.00327558;-0.0022606;0.00976826;
0.00327758;-0.0022374;0.00966743;
0.00327958;-0.00225872;0.00976008;
0.00328158;-0.0022392;0.00967527;
0.00328358;-0.00225699;0.00975259;
0.00328558;-0.00224085;0.00968242;
0.00328758;-0.00225542;0.00974577;
0.00328958;-0.00224235;0.00968894;
0.00329158;-0.00225399;0.00973955;
0.00329358;-0.00224371;0.00969486;
0.00329558;-0.0022527;0.00973391;
0.00329758;-0.00224495;0.00970023;
0.00329958;-0.00225152;0.00972881;
0.00330158;-0.00224606;0.00970508;
0.00330358;-0.00225046;0.0097242;
0.00330558;-0.00224707;0.00970944;
0.00330758;-0.00224951;0.00972006;
0.00330958;-0.00224797;0.00971336;
0.00331158;-0.00224866;0.00971635;
0.00331358;-0.00224877;0.00971686;
0.00331558;-0.00224789;0.00971304;
0.00331758;-0.00224962;0.00972056;
0.00331958;-0.00224698;0.00970908;
0.00332158;-0.00225039;0.0097239;
0.00332358;-0.00224633;0.00970622;
0.00332558;-0.00225097;0.00972641;
0.00332758;-0.00224581;0.00970398;
0.00332958;-0.00225143;0.00972843;
0.00333158;-0.00224539;0.00970215;
0.00333358;-0.00225182;0.0097301;
0.00333558;-0.00224504;0.00970061;
0.00333758;-0.00225214;0.0097315;
0.00333958;-0.00224474;0.00969932;
0.00334158;-0.00225241;0.00973268;
0.00334358;-0.00224449;0.00969822;
0.00334558;-0.00225264;0.00973368;
0.00334758;-0.00224427;0.0096973;
0.00334958;-0.00225283;0.00973451;
0.00335158;-0.0022441;0.00969655;
0.00335358;-0.00225299;0.00973518;
0.00335558;-0.00224396;0.00969594;
0.00335758;-0.00225311;0.00973571;
0.00335958;-0.00224385;0.00969546;
0.00336158;-0.0022532;0.00973611;
0.00336358;-0.00224377;0.00969511;
0.00336558;-0.00225327;0.0097364;
0.00336758;-0.00224371;0.00969486;
0.00336958;-0.00225331;0.00973657;
0.00337158;-0.00224368;0.00969473;
0.00337358;-0.00225331;0.00973658;
0.00337558;-0.0022437;0.0096948;
0.00337758;-0.00225329;0.0097365;
0.00337958;-0.00224372;0.00969487;
0.00338158;-0.00225328;0.00973644;
0.00338358;-0.00224372;0.0096949;
0.00338558;-0.00225325;0.00973634;
0.00338758;-0.00224375;0.00969504;
0.00338958;-0.00225321;0.00973614;
0.00339158;-0.00224381;0.00969527;
0.00339358;-0.00225315;0.00973587;
0.00339558;-0.00224387;0.00969556;
0.00339758;-0.00225307;0.00973553;
0.00339958;-0.00224395;0.0096959;
0.00340158;-0.00225298;0.00973515;
0.00340358;-0.00224404;0.00969629;
0.00340558;-0.00225288;0.00973473;
0.00340758;-0.00224414;0.00969671;
0.00340958;-0.00225278;0.00973427;
0.00341158;-0.00224424;0.00969717;
0.00341358;-0.00225267;0.00973379;
0.00341558;-0.00224435;0.00969765;
0.00341758;-0.00225255;0.00973328;
0.00341958;-0.00224447;0.00969815;
0.00342158;-0.00225243;0.00973275;
0.00342358;-0.00224459;0.00969867;
0.00342558;-0.0022523;0.0097322;
0.00342758;-0.00224471;0.00969921;
0.00342958;-0.00225217;0.00973165;
0.00343158;-0.00224484;0.00969975;
0.00343358;-0.00225204;0.00973108;
0.00343558;-0.00224496;0.0097003;
0.00343758;-0.00225191;0.00973051;
0.00343958;-0.00224509;0.00970086;
0.00344158;-0.00225178;0.00972994;
0.00344358;-0.00224522;0.00970142;
0.00344558;-0.00225165;0.00972936;
0.00344758;-0.00224535;0.00970198;
0.00344958;-0.00225152;0.00972879;
0.00345158;-0.00224548;0.00970253;
0.00345358;-0.00225139;0.00972822;
0.00345558;-0.0022456;0.00970308;
0.00345758;-0.00225126;0.00972766;
0.00345958;-0.00224573;0.00970362;
0.00346158;-0.00225113;0.0097271;
0.00346358;-0.00224585;0.00970416;
0.00346558;-0.002251;0.00972656;
0.00346758;-0.00224597;0.00970468;
0.00346958;-0.00225088;0.00972602;
0.00347158;-0.00224609;0.00970519;
0.00347358;-0.00225076;0.0097255;
0.00347558;-0.0022462;0.00970569;
0.00347758;-0.00225064;0.009725;
0.00347958;-0.00224631;0.00970617;
0.00348158;-0.00225053;0.00972451;
0.00348358;-0.00224642;0.00970662;
0.00348558;-0.00225043;0.00972405;
0.00348758;-0.00224652;0.00970705;
0.00348958;-0.00225033;0.00972362;
0.00349158;-0.00224661;0.00970744;
0.00349358;-0.00225024;0.00972323;
0.00349558;-0.00224669;0.00970779;
0.00349758;-0.00225016;0.00972289;
0.00349958;-0.00224675;0.00970808;
0.0035;-0.00224993;0.00972188;
0.0035002;-0.00224582;0.00970403;
0.00350034;-0.00224582;0.00970404;
0.00350048;-0.00224646;0.00970682;
0.00350063;-0.00224578;0.00970384;
0.00350094;-0.00224508;0.00970082;
0.00350156;-0.00224265;0.00969024;
0.00350279;-0.0022384;0.00967179;
0.00350479;-0.00223097;0.00963948;
0.00350679;-0.00222388;0.00960867;
0.00350879;-0.0022164;0.00957614;
0.00351079;-0.00220921;0.00954491;
0.00351279;-0.00220165;0.00951202;
0.00351479;-0.00219433;0.00948021;
0.00351679;-0.00218661;0.00944668;
0.00351879;-0.00217902;0.00941369;
0.00352079;-0.00217093;0.00937851;
0.00352279;-0.00216298;0.00934395;
0.00352479;-0.00215479;0.00930839;
0.00352679;-0.00214679;0.00927363;
0.00352879;-0.0021385;0.00923757;
0.00353079;-0.0021303;0.00920195;
0.00353279;-0.0021218;0.00916502;
0.00353479;-0.00211335;0.0091283;
0.00353679;-0.00210459;0.00909025;
0.00353879;-0.00209582;0.00905216;
0.00354079;-0.00208673;0.00901263;
0.00354279;-0.00207755;0.00897274;
0.00354479;-0.00206799;0.00893121;
0.00354679;-0.00205825;0.00888891;
0.00354879;-0.00204806;0.00884464;
0.00355;-0.00204178;0.00881736;
0.0035502;-0.00204126;0.00881509;
0.0035506;-0.00204076;0.00881294;
0.0035514;-0.00204077;0.00881297;
0.003553;-0.00204071;0.00881271;
0.003555;-0.00204068;0.00881257;
0.003557;-0.00204064;0.0088124;
0.003559;-0.00204063;0.00881235;
0.003561;-0.00204061;0.00881228;
0.003563;-0.00204061;0.00881227;
0.003565;-0.0020406;0.00881223;
0.003567;-0.0020406;0.00881224;
0.003569;-0.0020406;0.00881221;
0.003571;-0.0020406;0.00881222;
0.003573;-0.0020406;0.00881221;
0.003575;-0.0020406;0.00881222;
0.003577;-0.0020406;0.0088122;
0.003579;-0.0020406;0.00881221;
0.003581;-0.00204059;0.0088122;
0.003583;-0.0020406;0.00881221;
0.003585;-0.00204059;0.0088122;
0.003587;-0.0020406;0.00881221;
0.003589;-0.0020406;0.0088122;
0.003591;-0.0020406;0.00881221;
0.003593;-0.0020406;0.0088122;
0.003595;-0.0020406;0.00881221;
0.003597;-0.0020406;0.0088122;
0.003599;-0.0020406;0.00881221;
0.003601;-0.0020406;0.0088122;
0.003603;-0.0020406;0.00881221;
0.003605;-0.0020406;0.0088122;
0.003607;-0.0020406;0.00881221;
0.003609;-0.0020406;0.00881221;
0.003611;-0.0020406;0.00881221;
0.003613;-0.0020406;0.00881221;
0.003615;-0.0020406;0.00881221;
0.003617;-0.0020406;0.00881221;
0.003619;-0.0020406;0.00881221;
0.003621;-0.0020406;0.00881221;
0.003623;-0.0020406;0.00881221;
0.003625;-0.0020406;0.00881221;
0.0036252;-0.00204512;0.00883185;
0.0036256;-0.00204554;0.00883371;
0.0036264;-0.00197633;0.00853306;
0.003627;-0.00115161;0.00495612;
0.00362716;-0.000914899;0.00393196;
0.00362748;-0.000641914;0.00275287;
0.00362812;-0.000449355;0.00192294;
0.0036294;-0.000311072;0.00132822;
0.0036314;-0.000196774;0.000837854;
0.0036334;-0.000130076;0.000552465;
0.0036354;-9.07729e-05;0.00038469;
0.0036374;-6.65872e-05;0.000281659;
0.0036394;-5.10511e-05;0.000215591;
0.0036414;-4.064e-05;0.000171385;
0.0036434;-3.33794e-05;0.000140596;
0.0036454;-2.81279e-05;0.000118352;
0.0036474;-2.42039e-05;0.000101747;
0.0036494;-2.11868e-05;8.89912e-05;
0.0036514;-1.88085e-05;7.89435e-05;
0.0036534;-1.68928e-05;7.08559e-05;
0.0036554;-1.53207e-05;6.42233e-05;
0.0036574;-1.40097e-05;5.86953e-05;
0.0036594;-1.29011e-05;5.4023e-05;
0.0036614;-1.19521e-05;5.00254e-05;
0.0036634;-1.1131e-05;4.65685e-05;
0.0036654;-1.04141e-05;4.35509e-05;
0.0036674;-9.78273e-06;4.08949e-05;
0.0036694;-9.22273e-06;3.85399e-05;
0.0036714;-8.72271e-06;3.64378e-05;
0.0036734;-8.27361e-06;3.45505e-05;
0.0036754;-7.86807e-06;3.28467e-05;
0.0036774;-7.50011e-06;3.13013e-05;
0.0036794;-7.16475e-06;2.98932e-05;
0.0036814;-6.85787e-06;2.86051e-05;
0.0036834;-6.57601e-06;2.74223e-05;
0.0036854;-6.31625e-06;2.63325e-05;
0.0036874;-6.0761e-06;2.53252e-05;
0.0036894;-5.85343e-06;2.43915e-05;
0.0036914;-5.64641e-06;2.35235e-05;
0.0036934;-5.45345e-06;2.27147e-05;
0.0036954;-5.27316e-06;2.19592e-05;
0.0036974;-5.10436e-06;2.1252e-05;
0.0036994;-4.94597e-06;2.05885e-05;
0.0037014;-4.79706e-06;1.99648e-05;
0.0037034;-4.65682e-06;1.93776e-05;
0.0037054;-4.52451e-06;1.88236e-05;
0.0037074;-4.39947e-06;1.83002e-05;
0.0037094;-4.28113e-06;1.7805e-05;
0.0037114;-4.16896e-06;1.73356e-05;
0.0037134;-4.06249e-06;1.68902e-05;
0.0037154;-3.96131e-06;1.64669e-05;
0.0037174;-3.86502e-06;1.60642e-05;
0.0037194;-3.77329e-06;1.56806e-05;
0.0037214;-3.68579e-06;1.53147e-05;
0.0037234;-3.60225e-06;1.49655e-05;
0.0037254;-3.52239e-06;1.46317e-05;
0.0037274;-3.44599e-06;1.43123e-05;
0.0037294;-3.37282e-06;1.40066e-05;
0.0037314;-3.30268e-06;1.37135e-05;
0.0037334;-3.23539e-06;1.34324e-05;
0.0037354;-3.17078e-06;1.31625e-05;
0.0037374;-3.10869e-06;1.29031e-05;
0.0037394;-3.04898e-06;1.26538e-05;
0.0037414;-2.99151e-06;1.24138e-05;
0.0037434;-2.93616e-06;1.21827e-05;
0.0037454;-2.88282e-06;1.196e-05;
0.0037474;-2.83137e-06;1.17452e-05;
0.0037494;-2.78173e-06;1.1538e-05;
0.0037514;-2.73379e-06;1.1338e-05;
0.0037534;-2.68747e-06;1.11447e-05;
0.0037554;-2.64269e-06;1.09578e-05;
0.0037574;-2.59937e-06;1.07771e-05;
0.0037594;-2.55745e-06;1.06022e-05;
0.0037614;-2.51686e-06;1.04329e-05;
0.0037634;-2.47753e-06;1.02688e-05;
0.0037654;-2.4394e-06;1.01099e-05;
0.0037674;-2.40243e-06;9.95569e-06;
0.0037694;-2.36657e-06;9.80613e-06;
0.0037714;-2.33175e-06;9.66098e-06;
0.0037734;-2.29794e-06;9.52004e-06;
0.0037754;-2.2651e-06;9.38312e-06;
0.0037774;-2.23318e-06;9.25006e-06;
0.0037794;-2.20214e-06;9.12071e-06;
0.0037814;-2.17196e-06;8.99492e-06;
0.0037834;-2.14259e-06;8.87252e-06;
0.0037854;-2.114e-06;8.7534e-06;
0.0037874;-2.08616e-06;8.63742e-06;
0.0037894;-2.05904e-06;8.52445e-06;
0.0037914;-2.03262e-06;8.41439e-06;
0.0037934;-2.00687e-06;8.30711e-06;
0.0037954;-1.98176e-06;8.20253e-06;
0.0037974;-1.95727e-06;8.10053e-06;
0.0037994;-1.93337e-06;8.00103e-06;
0.0038014;-1.91005e-06;7.90393e-06;
0.0038034;-1.88729e-06;7.80915e-06;
0.0038054;-1.86506e-06;7.7166e-06;
0.0038074;-1.84335e-06;7.62621e-06;
0.0038094;-1.82214e-06;7.5379e-06;
0.0038114;-1.80141e-06;7.4516e-06;
0.0038134;-1.78114e-06;7.36725e-06;
0.0038154;-1.76132e-06;7.28478e-06;
0.0038174;-1.74194e-06;7.20413e-06;
0.0038194;-1.72298e-06;7.12523e-06;
0.0038214;-1.70443e-06;7.04803e-06;
0.0038234;-1.68628e-06;6.97249e-06;
0.0038254;-1.6685e-06;6.89853e-06;
0.0038274;-1.6511e-06;6.82612e-06;
0.0038294;-1.63405e-06;6.75521e-06;
0.0038314;-1.61735e-06;6.68575e-06;
0.0038334;-1.60099e-06;6.6177e-06;
0.0038354;-1.58496e-06;6.55101e-06;
0.0038374;-1.56924e-06;6.48565e-06;
0.0038394;-1.55383e-06;6.42157e-06;
0.0038414;-1.53873e-06;6.35875e-06;
0.0038434;-1.52391e-06;6.29713e-06;
0.0038454;-1.50937e-06;6.23669e-06;
0.0038474;-1.49511e-06;6.17739e-06;
0.0038494;-1.48111e-06;6.11921e-06;
0.0038514;-1.46738e-06;6.06211e-06;
0.0038534;-1.4539e-06;6.00605e-06;
0.0038554;-1.44066e-06;5.95102e-06;
0.0038574;-1.42766e-06;5.89699e-06;
0.0038594;-1.41489e-06;5.84392e-06;
0.0038614;-1.40235e-06;5.7918e-06;
0.0038634;-1.39003e-06;5.74059e-06;
0.0038654;-1.37792e-06;5.69028e-06;
0.0038674;-1.36602e-06;5.64084e-06;
0.0038694;-1.35432e-06;5.59224e-06;
0.0038714;-1.34283e-06;5.54448e-06;
0.0038734;-1.33152e-06;5.49751e-06;
0.0038754;-1.32041e-06;5.45134e-06;
0.0038774;-1.30948e-06;5.40592e-06;
0.0038794;-1.29873e-06;5.36126e-06;
0.0038814;-1.28815e-06;5.31733e-06;
0.0038834;-1.27774e-06;5.2741e-06;
0.0038854;-1.2675e-06;5.23157e-06;
0.0038874;-1.25743e-06;5.18972e-06;
0.0038894;-1.24751e-06;5.14853e-06;
0.0038914;-1.23775e-06;5.10798e-06;
0.0038934;-1.22813e-06;5.06807e-06;
0.0038954;-1.21867e-06;5.02877e-06;
0.0038974;-1.20935e-06;4.99008e-06;
0.0038994;-1.20017e-06;4.95197e-06;
0.0039014;-1.19113e-06;4.91444e-06;
0.0039034;-1.18223e-06;4.87747e-06;
0.0039054;-1.17345e-06;4.84105e-06;
0.0039074;-1.16481e-06;4.80517e-06;
0.0039094;-1.15629e-06;4.76981e-06;
0.0039114;-1.1479e-06;4.73497e-06;
0.0039134;-1.13963e-06;4.70063e-06;
0.0039154;-1.13147e-06;4.66678e-06;
0.0039174;-1.12343e-06;4.63342e-06;
0.0039194;-1.11551e-06;4.60052e-06;
0.0039214;-1.10769e-06;4.56809e-06;
0.0039234;-1.09999e-06;4.53611e-06;
0.0039254;-1.09239e-06;4.50458e-06;
0.0039274;-1.08489e-06;4.47348e-06;
0.0039294;-1.0775e-06;4.4428e-06;
0.0039314;-1.0702e-06;4.41254e-06;
0.0039334;-1.06301e-06;4.38268e-06;
0.0039354;-1.05591e-06;4.35323e-06;
0.0039374;-1.0489e-06;4.32417e-06;
0.0039394;-1.04199e-06;4.29549e-06;
0.0039414;-1.03517e-06;4.26719e-06;
0.0039434;-1.02843e-06;4.23925e-06;
0.0039454;-1.02178e-06;4.21168e-06;
0.0039474;-1.01522e-06;4.18446e-06;
0.0039494;-1.00874e-06;4.1576e-06;
0.0039514;-1.00235e-06;4.13107e-06;
0.0039534;-9.96033e-07;4.10488e-06;
0.0039554;-9.89796e-07;4.07901e-06;
0.0039574;-9.83637e-07;4.05347e-06;
0.0039594;-9.77554e-07;4.02825e-06;
0.0039614;-9.71546e-07;4.00334e-06;
0.0039634;-9.65611e-07;3.97873e-06;
0.0039654;-9.59748e-07;3.95442e-06;
0.0039674;-9.53956e-07;3.9304e-06;
0.0039694;-9.48233e-07;3.90668e-06;
0.0039714;-9.42578e-07;3.88324e-06;
0.0039734;-9.36991e-07;3.86007e-06;
0.0039754;-9.31469e-07;3.83718e-06;
0.0039774;-9.26012e-07;3.81456e-06;
0.0039794;-9.20618e-07;3.7922e-06;
0.0039814;-9.15287e-07;3.7701e-06;
0.0039834;-9.10017e-07;3.74826e-06;
0.0039854;-9.04807e-07;3.72667e-06;
0.0039874;-8.99657e-07;3.70532e-06;
0.0039894;-8.94565e-07;3.68422e-06;
0.0039914;-8.8953e-07;3.66335e-06;
0.0039934;-8.84552e-07;3.64272e-06;
0.0039954;-8.79628e-07;3.62232e-06;
0.0039974;-8.7476e-07;3.60215e-06;
0.0039994;-8.69945e-07;3.58219e-06;
0.004;-8.6851e-07;3.57625e-06;
